#
# There is insufficient memory for the Java Runtime Environment to continue.
# Native memory allocation (mmap) failed to map 65536 bytes. Error detail: Failed to commit metaspace.
# Possible reasons:
#   The system is out of physical RAM or swap space
#   This process is running with CompressedOops enabled, and the Java Heap may be blocking the growth of the native heap
# Possible solutions:
#   Reduce memory load on the system
#   Increase physical memory or swap space
#   Check if swap backing store is full
#   Decrease Java heap size (-Xmx/-Xms)
#
#  , pid=29580
#
#  Windows 11 , 64 bit Build 26100 (10.0.26100.7309)
Time: Mon Jan  5 20:44:42 2026  Windows 11 , 64 bit Build 26100 (10.0.26100.7309) elapsed time: 2.244536 seconds (0d 0h 0m 2s)

---------------  T H R E A D  ---------------

Current thread (0x0000022885bf2a00):  JavaThread "Start Level: Equinox Container: d90d4282-faa2-463d-a3a0-18a54c9de5ac" daemon [_thread_in_vm, id=3140, stack(0x000000d561d00000,0x000000d561e00000) (1024K)]

Stack: [0x000000d561d00000,0x000000d561e00000]
Native frames: (J=compiled Java code, j=interpreted, Vv=VM code, C=native code)
V  [jvm.dll+0x6e08b9]  (no source info available)
V  [jvm.dll+0x87dc83]  (no source info available)
V  [jvm.dll+0x88010e]  (no source info available)
V  [jvm.dll+0x8807e3]  (no source info available)
V  [jvm.dll+0x27aee6]  (no source info available)
V  [jvm.dll+0x87988e]  (no source info available)
V  [jvm.dll+0x682035]  (no source info available)
V  [jvm.dll+0x1e09dc]  (no source info available)
V  [jvm.dll+0x1e07ae]  (no source info available)
V  [jvm.dll+0x684988]  (no source info available)
V  [jvm.dll+0x2219dc]  (no source info available)
V  [jvm.dll+0x682a4e]  (no source info available)
V  [jvm.dll+0x3bbfff]  (no source info available)
V  [jvm.dll+0x209ffb]  (no source info available)
V  [jvm.dll+0x5be709]  (no source info available)
V  [jvm.dll+0x7f3ad6]  (no source info available)
V  [jvm.dll+0x475cf6]  (no source info available)
V  [jvm.dll+0x47bb98]  (no source info available)
C  [java.dll+0x17d4]  (no source info available)
C  0x00000228b30673fc  (no source info available)

The last pc belongs to native nmethod (printed below).
Java frames: (J=compiled Java code, j=interpreted, Vv=VM code)
J 1296  java.lang.ClassLoader.defineClass1(Ljava/lang/ClassLoader;Ljava/lang/String;[BIILjava/security/ProtectionDomain;Ljava/lang/String;)Ljava/lang/Class; java.base@23.0.1 (0 bytes) @ 0x00000228b3067361 [0x00000228b30672a0+0x00000000000000c1]
J 1964 c1 java.lang.ClassLoader.defineClass(Ljava/lang/String;[BIILjava/security/ProtectionDomain;)Ljava/lang/Class; java.base@23.0.1 (43 bytes) @ 0x00000228ab7059d4 [0x00000228ab705680+0x0000000000000354]
j  org.eclipse.osgi.internal.loader.ModuleClassLoader.defineClass(Ljava/lang/String;[BLorg/eclipse/osgi/internal/loader/classpath/ClasspathEntry;)Lorg/eclipse/osgi/internal/loader/ModuleClassLoader$DefineClassResult;+37
j  org.eclipse.osgi.internal.loader.classpath.ClasspathManager.defineClass(Ljava/lang/String;[BLorg/eclipse/osgi/internal/loader/classpath/ClasspathEntry;Lorg/eclipse/osgi/storage/bundlefile/BundleEntry;Ljava/util/List;)Ljava/lang/Class;+424
j  org.eclipse.osgi.internal.loader.classpath.ClasspathManager.findClassImpl(Ljava/lang/String;Lorg/eclipse/osgi/internal/loader/classpath/ClasspathEntry;Ljava/util/List;)Ljava/lang/Class;+288
j  org.eclipse.osgi.internal.loader.classpath.ClasspathManager.findLocalClassImpl(Ljava/lang/String;[Lorg/eclipse/osgi/internal/loader/classpath/ClasspathEntry;Ljava/util/List;)Ljava/lang/Class;+30
j  org.eclipse.osgi.internal.loader.classpath.ClasspathManager.findLocalClassImpl(Ljava/lang/String;Ljava/util/List;)Ljava/lang/Class;+69
j  org.eclipse.osgi.internal.loader.classpath.ClasspathManager.findLocalClass(Ljava/lang/String;)Ljava/lang/Class;+113
j  org.eclipse.osgi.internal.loader.ModuleClassLoader.findLocalClass(Ljava/lang/String;)Ljava/lang/Class;+5
j  org.eclipse.osgi.internal.loader.BundleLoader.findLocalClass(Ljava/lang/String;)Ljava/lang/Class;+65
J 2058 c1 org.eclipse.osgi.internal.loader.BundleLoader.findClass0(Ljava/lang/String;ZZ)Ljava/lang/Class; (490 bytes) @ 0x00000228ab734cdc [0x00000228ab731a40+0x000000000000329c]
J 2057 c1 org.eclipse.osgi.internal.loader.BundleLoader.findClass(Ljava/lang/String;)Ljava/lang/Class; (8 bytes) @ 0x00000228ab72e7ac [0x00000228ab72e720+0x000000000000008c]
J 2062 c1 org.eclipse.osgi.internal.loader.ModuleClassLoader.loadClass(Ljava/lang/String;Z)Ljava/lang/Class; (36 bytes) @ 0x00000228ab73044c [0x00000228ab730220+0x000000000000022c]
J 1072 c1 java.lang.ClassLoader.loadClass(Ljava/lang/String;)Ljava/lang/Class; java.base@23.0.1 (7 bytes) @ 0x00000228ab5af6b4 [0x00000228ab5af5a0+0x0000000000000114]
v  ~StubRoutines::call_stub 0x00000228b28c0fcd
j  java.lang.Class.getDeclaredMethods0(Z)[Ljava/lang/reflect/Method;+0 java.base@23.0.1
j  java.lang.Class.privateGetDeclaredMethods(Z)[Ljava/lang/reflect/Method;+34 java.base@23.0.1
j  java.lang.Class.getDeclaredMethod(Ljava/lang/String;[Ljava/lang/Class;)Ljava/lang/reflect/Method;+25 java.base@23.0.1
j  org.apache.felix.scr.impl.inject.methods.BaseMethod.getMethod(Ljava/lang/Class;Ljava/lang/String;[Ljava/lang/Class;ZZLorg/apache/felix/scr/impl/logger/ComponentLogger;)Ljava/lang/reflect/Method;+3
j  org.apache.felix.scr.impl.inject.methods.BindMethod.getServiceReferenceMethod(Ljava/lang/Class;ZZLorg/apache/felix/scr/impl/logger/ComponentLogger;)Ljava/lang/reflect/Method;+20
j  org.apache.felix.scr.impl.inject.methods.BindMethod.doFindMethod(Ljava/lang/Class;ZZLorg/apache/felix/scr/impl/logger/ComponentLogger;)Lorg/apache/felix/scr/impl/inject/methods/BaseMethod$MethodInfo;+67
j  org.apache.felix.scr.impl.inject.methods.BaseMethod.findMethod(Lorg/apache/felix/scr/impl/logger/ComponentLogger;)Lorg/apache/felix/scr/impl/inject/methods/BaseMethod$MethodInfo;+160
j  org.apache.felix.scr.impl.inject.methods.BaseMethod.access$400(Lorg/apache/felix/scr/impl/inject/methods/BaseMethod;Lorg/apache/felix/scr/impl/logger/ComponentLogger;)Lorg/apache/felix/scr/impl/inject/methods/BaseMethod$MethodInfo;+2
j  org.apache.felix.scr.impl.inject.methods.BaseMethod$NotResolved.resolve(Lorg/apache/felix/scr/impl/inject/methods/BaseMethod;Lorg/apache/felix/scr/impl/logger/ComponentLogger;)V+34
j  org.apache.felix.scr.impl.inject.methods.BaseMethod$NotResolved.methodExists(Lorg/apache/felix/scr/impl/inject/methods/BaseMethod;Lorg/apache/felix/scr/impl/logger/ComponentLogger;)Z+3
j  org.apache.felix.scr.impl.inject.methods.BaseMethod.methodExists(Lorg/apache/felix/scr/impl/logger/ComponentLogger;)Z+6
j  org.apache.felix.scr.impl.inject.methods.BindMethod.getServiceObject(Lorg/apache/felix/scr/impl/inject/BindParameters;Lorg/osgi/framework/BundleContext;)Z+24
j  org.apache.felix.scr.impl.manager.DependencyManager.getServiceObject(Lorg/apache/felix/scr/impl/manager/ComponentContextImpl;Lorg/apache/felix/scr/impl/inject/ReferenceMethod;Lorg/apache/felix/scr/impl/inject/RefPair;)Z+26
j  org.apache.felix.scr.impl.manager.DependencyManager$SingleDynamicCustomizer.prebind(Lorg/apache/felix/scr/impl/manager/ComponentContextImpl;)Z+151
j  org.apache.felix.scr.impl.manager.DependencyManager.prebind(Lorg/apache/felix/scr/impl/manager/ComponentContextImpl;)Z+5
j  org.apache.felix.scr.impl.manager.AbstractComponentManager.collectDependencies(Lorg/apache/felix/scr/impl/manager/ComponentContextImpl;)Z+36
j  org.apache.felix.scr.impl.manager.SingleComponentManager.getServiceInternal(Lorg/osgi/framework/ServiceRegistration;)Z+25
j  org.apache.felix.scr.impl.manager.AbstractComponentManager.activateInternal()V+438
j  org.apache.felix.scr.impl.manager.AbstractComponentManager.enableInternal()V+179
j  org.apache.felix.scr.impl.manager.AbstractComponentManager.enable(Z)Lorg/osgi/util/promise/Promise;+12
j  org.apache.felix.scr.impl.manager.ConfigurableComponentHolder.enableComponents(Z)Lorg/osgi/util/promise/Promise;+275
j  org.apache.felix.scr.impl.BundleComponentActivator.initialEnable()V+107
j  org.apache.felix.scr.impl.Activator.loadComponents(Lorg/osgi/framework/Bundle;)V+392
j  org.apache.felix.scr.impl.Activator.access$200(Lorg/apache/felix/scr/impl/Activator;Lorg/osgi/framework/Bundle;)V+2
j  org.apache.felix.scr.impl.Activator$ScrExtension.start()V+72
j  org.apache.felix.scr.impl.AbstractExtender.createExtension(Lorg/osgi/framework/Bundle;)V+71
j  org.apache.felix.scr.impl.AbstractExtender.modifiedBundle(Lorg/osgi/framework/Bundle;Lorg/osgi/framework/BundleEvent;Lorg/osgi/framework/Bundle;)V+115
j  org.apache.felix.scr.impl.AbstractExtender.addingBundle(Lorg/osgi/framework/Bundle;Lorg/osgi/framework/BundleEvent;)Lorg/osgi/framework/Bundle;+4
j  org.apache.felix.scr.impl.AbstractExtender.addingBundle(Lorg/osgi/framework/Bundle;Lorg/osgi/framework/BundleEvent;)Ljava/lang/Object;+3
j  org.osgi.util.tracker.BundleTracker$Tracked.customizerAdding(Lorg/osgi/framework/Bundle;Lorg/osgi/framework/BundleEvent;)Ljava/lang/Object;+9
j  org.osgi.util.tracker.BundleTracker$Tracked.customizerAdding(Ljava/lang/Object;Ljava/lang/Object;)Ljava/lang/Object;+9
j  org.osgi.util.tracker.AbstractTracked.trackAdding(Ljava/lang/Object;Ljava/lang/Object;)V+8
j  org.osgi.util.tracker.AbstractTracked.track(Ljava/lang/Object;Ljava/lang/Object;)V+83
j  org.osgi.util.tracker.BundleTracker$Tracked.bundleChanged(Lorg/osgi/framework/BundleEvent;)V+35
J 2010 c1 org.eclipse.osgi.internal.framework.BundleContextImpl.dispatchEvent(Ljava/lang/Object;Ljava/lang/Object;ILjava/lang/Object;)V (577 bytes) @ 0x00000228ab719b64 [0x00000228ab718680+0x00000000000014e4]
j  org.eclipse.osgi.framework.eventmgr.EventManager.dispatchEvent(Ljava/util/Set;Lorg/eclipse/osgi/framework/eventmgr/EventDispatcher;ILjava/lang/Object;)V+48
j  org.eclipse.osgi.framework.eventmgr.ListenerQueue.dispatchEventSynchronous(ILjava/lang/Object;)V+67
j  org.eclipse.osgi.internal.framework.EquinoxEventPublisher.publishBundleEventPrivileged(Lorg/osgi/framework/BundleEvent;)V+547
j  org.eclipse.osgi.internal.framework.EquinoxEventPublisher.publishBundleEvent(Lorg/osgi/framework/BundleEvent;)V+8
j  org.eclipse.osgi.internal.framework.EquinoxEventPublisher.publishBundleEvent(ILorg/osgi/framework/Bundle;Lorg/osgi/framework/Bundle;)V+15
j  org.eclipse.osgi.internal.framework.EquinoxContainerAdaptor.publishModuleEvent(Lorg/eclipse/osgi/container/ModuleContainerAdaptor$ModuleEvent;Lorg/eclipse/osgi/container/Module;Lorg/eclipse/osgi/container/Module;)V+29
j  org.eclipse.osgi.container.Module.publishEvent(Lorg/eclipse/osgi/container/ModuleContainerAdaptor$ModuleEvent;)V+13
j  org.eclipse.osgi.container.Module.start([Lorg/eclipse/osgi/container/Module$StartOptions;)V+588
j  org.eclipse.osgi.container.ModuleContainer$ContainerStartLevel$2.run()V+83
j  org.eclipse.osgi.internal.framework.EquinoxContainerAdaptor$1$1.execute(Ljava/lang/Runnable;)V+1
j  org.eclipse.osgi.container.ModuleContainer$ContainerStartLevel.incStartLevel(ILjava/util/List;Z)V+193
j  org.eclipse.osgi.container.ModuleContainer$ContainerStartLevel.incStartLevel(ILjava/util/List;Ljava/util/List;Ljava/util/List;Ljava/util/List;)V+4
j  org.eclipse.osgi.container.ModuleContainer$ContainerStartLevel.doContainerStartLevel(Lorg/eclipse/osgi/container/Module;I[Lorg/osgi/framework/FrameworkListener;)V+358
j  org.eclipse.osgi.container.ModuleContainer$ContainerStartLevel.dispatchEvent(Lorg/eclipse/osgi/container/Module;[Lorg/osgi/framework/FrameworkListener;ILjava/lang/Integer;)V+32
j  org.eclipse.osgi.container.ModuleContainer$ContainerStartLevel.dispatchEvent(Ljava/lang/Object;Ljava/lang/Object;ILjava/lang/Object;)V+15
j  org.eclipse.osgi.framework.eventmgr.EventManager.dispatchEvent(Ljava/util/Set;Lorg/eclipse/osgi/framework/eventmgr/EventDispatcher;ILjava/lang/Object;)V+48
j  org.eclipse.osgi.framework.eventmgr.EventManager$EventThread.run()V+26
v  ~StubRoutines::call_stub 0x00000228b28c0fcd
Lock stack of current Java thread (top to bottom):
LockStack[1]: org.eclipse.osgi.internal.loader.ModuleClassLoader$ClassNameLock 
{0x00000000d66e0a58} - klass: 'org/eclipse/osgi/internal/loader/ModuleClassLoader$ClassNameLock'
 - ---- fields (total size 2 words):
 - final 'name' 'Ljava/lang/String;' @12  "org.eclipse.core.internal.content.ContentTypeBuilder"{0x00000000d66e08e8} (0xd66e08e8)
LockStack[0]: java.lang.Object 
{0x00000000d61c0ba0} - klass: 'java/lang/Object'
 - ---- fields (total size 2 words):


Compiled method (n/a) 2345 1296     n 0       java.lang.ClassLoader::defineClass1 (native)
 total in heap  [0x00000228b3067188,0x00000228b3067568] = 992
 relocation     [0x00000228b3067260,0x00000228b3067298] = 56
 main code      [0x00000228b30672a0,0x00000228b3067566] = 710
 stub code      [0x00000228b3067566,0x00000228b3067568] = 2

[Constant Pool (empty)]

[MachCode]
[Entry Point]
  # {method} {0x00000228bd478b70} 'defineClass1' '(Ljava/lang/ClassLoader;Ljava/lang/String;[BIILjava/security/ProtectionDomain;Ljava/lang/String;)Ljava/lang/Class;' in 'java/lang/ClassLoader'
  # parm0:    rdx:rdx   = 'java/lang/ClassLoader'
  # parm1:    r8:r8     = 'java/lang/String'
  # parm2:    r9:r9     = '[B'
  # parm3:    rdi       = int
  # parm4:    rsi       = int
  # parm5:    rcx:rcx   = 'java/security/ProtectionDomain'
  # parm6:    [sp+0xa0]   = 'java/lang/String'  (sp of caller)
  0x00000228b30672a0: 6690 448b | 5208 443b 

  0x00000228b30672a8: ;   {runtime_call ic_miss_stub}
  0x00000228b30672a8: 5008 0f85 | 306f 8aff 
[Verified Entry Point]
  0x00000228b30672b0: 8984 2400 | 80ff ff55 | 488b ec48 | 81ec 9000 | 0000 6690 | 4181 7f20 | 0100 0000 

  0x00000228b30672cc: ;   {runtime_call StubRoutines (final stubs)}
  0x00000228b30672cc: 7405 e8ed | 3e89 ff48 | 837d 1000 | 488d 4510 | 480f 4445 | 1048 8944 | 2440 4889 | 4c24 7048 
  0x00000228b30672ec: 83f9 0048 | 8d44 2470 | 480f 4444 | 2470 4889 | 4424 3848 | 8974 2430 | 4889 7c24 | 284c 894c 
  0x00000228b306730c: 2458 4983 | f900 488d | 4424 5848 | 0f44 4424 | 5848 8944 | 2420 4c89 | 4424 5049 | 83f8 004c 
  0x00000228b306732c: 8d4c 2450 | 4c0f 444c | 2450 4889 | 5424 4848 | 83fa 004c | 8d44 2448 | 4c0f 4444 

  0x00000228b3067348: ;   {oop(a 'java/lang/Class'{0x0000000080001408} = 'java/lang/ClassLoader')}
  0x00000228b3067348: 2448 49be | 0814 0080 | 0000 0000 | 4c89 7424 | 784c 8d74 | 2478 498b | d6c5 f877 

  0x00000228b3067364: ;   {internal_word}
  0x00000228b3067364: 49ba 6173 | 06b3 2802 | 0000 4d89 | 97a8 0300 | 0049 89a7 | a003 0000 

  0x00000228b306737c: ;   {external_word}
  0x00000228b306737c: 49ba 41ad | 7a55 fb7f | 0000 4180 | 3a00 0f84 | 4e00 0000 | 5241 5041 

  0x00000228b3067394: ;   {metadata({method} {0x00000228bd478b70} 'defineClass1' '(Ljava/lang/ClassLoader;Ljava/lang/String;[BIILjava/security/ProtectionDomain;Ljava/lang/String;)Ljava/lang/Class;' in 'java/lang/ClassLoader')}
  0x00000228b3067394: 5148 ba68 | 8b47 bd28 | 0200 0049 | 8bcf 4883 | ec20 40f6 | c40f 0f84 | 1900 0000 | 4883 ec08 
  0x00000228b30673b4: ;   {runtime_call}
  0x00000228b30673b4: 48b8 10ee | 2a55 fb7f | 0000 ffd0 | 4883 c408 | e90c 0000 

  0x00000228b30673c8: ;   {runtime_call}
  0x00000228b30673c8: 0048 b810 | ee2a 55fb | 7f00 00ff | d048 83c4 | 2041 5941 | 585a 498d | 8fc0 0300 | 0041 c787 
  0x00000228b30673e8: 4404 0000 | 0400 0000 

  0x00000228b30673f0: ;   {runtime_call}
  0x00000228b30673f0: 48b8 9416 | 5e11 fc7f | 0000 ffd0 | c5f8 7741 | c787 4404 | 0000 0500 | 0000 f083 | 4424 c000 
  0x00000228b3067410: 493b af48 | 0400 000f | 870e 0000 | 0041 83bf | 4004 0000 | 000f 842b | 0000 00c5 | f877 4889 
  0x00000228b3067430: 45f8 498b | cf4c 8be4 | 4883 ec20 | 4883 e4f0 

  0x00000228b3067440: ;   {runtime_call}
  0x00000228b3067440: 48b8 90a9 | f454 fb7f | 0000 ffd0 | 498b e44d | 33e4 488b | 45f8 41c7 | 8744 0400 | 0008 0000 
  0x00000228b3067460: 0041 83bf | c804 0000 | 020f 84ca 

  0x00000228b306746c: ;   {external_word}
  0x00000228b306746c: 0000 0049 | ba41 ad7a | 55fb 7f00 | 0041 803a | 000f 844c | 0000 0048 

  0x00000228b3067484: ;   {metadata({method} {0x00000228bd478b70} 'defineClass1' '(Ljava/lang/ClassLoader;Ljava/lang/String;[BIILjava/security/ProtectionDomain;Ljava/lang/String;)Ljava/lang/Class;' in 'java/lang/ClassLoader')}
  0x00000228b3067484: 8945 f848 | ba68 8b47 | bd28 0200 | 0049 8bcf | 4883 ec20 | 40f6 c40f | 0f84 1900 | 0000 4883 
  0x00000228b30674a4: ;   {runtime_call}
  0x00000228b30674a4: ec08 48b8 | 10ee 2a55 | fb7f 0000 | ffd0 4883 | c408 e90c 

  0x00000228b30674b8: ;   {runtime_call}
  0x00000228b30674b8: 0000 0048 | b810 ee2a | 55fb 7f00 | 00ff d048 | 83c4 2048 | 8b45 f849 | c787 a003 | 0000 0000 
  0x00000228b30674d8: 0000 49c7 | 87a8 0300 | 0000 0000 | 00c5 f877 | 4885 c00f | 8425 0000 | 00a8 030f | 8508 0000 
  0x00000228b30674f8: 0048 8b00 | e915 0000 | 00a8 010f | 8509 0000 | 0048 8b40 | fee9 0400 | 0000 488b | 40ff 498b 
  0x00000228b3067518: 8f30 0400 | 00c7 8100 | 0100 0000 | 0000 00c9 | 4983 7f08 | 000f 8501 | 0000 00c3 

  0x00000228b3067534: ;   {runtime_call StubRoutines (initial stubs)}
  0x00000228b3067534: e987 9985 | ffc5 f877 | 4889 45f8 | 4c8b e448 | 83ec 2048 

  0x00000228b3067548: ;   {runtime_call}
  0x00000228b3067548: 83e4 f048 | b8c0 222b | 55fb 7f00 | 00ff d049 | 8be4 4d33 | e448 8b45 | f8e9 09ff | ffff f4f4 
[/MachCode]


Compiled method (c1) 2351 1964       3       java.lang.ClassLoader::defineClass (43 bytes)
 total in heap  [0x00000228ab705508,0x00000228ab705bc0] = 1720
 relocation     [0x00000228ab7055e0,0x00000228ab705680] = 160
 main code      [0x00000228ab705680,0x00000228ab705b18] = 1176
 stub code      [0x00000228ab705b18,0x00000228ab705b90] = 120
 metadata       [0x00000228ab705b90,0x00000228ab705bc0] = 48
 immutable data [0x0000022885916700,0x0000022885916908] = 520
 dependencies   [0x0000022885916700,0x0000022885916710] = 16
 nul chk table  [0x0000022885916710,0x0000022885916738] = 40
 scopes pcs     [0x0000022885916738,0x0000022885916818] = 224
 scopes data    [0x0000022885916818,0x0000022885916908] = 240

[Constant Pool (empty)]

[MachCode]
[Instructions begin]
  0x00000228ab705680: 6666 660f | 1f84 0000 | 0000 0066 | 6666 9066 | 6690 448b | 5208 443b 

  0x00000228ab705698: ;   {runtime_call ic_miss_stub}
  0x00000228ab705698: 5008 0f85 | 408b 2007 
[Verified Entry Point]
  0x00000228ab7056a0: 8984 2400 | 80ff ff55 | 4881 ecb0 | 0000 0090 | 4181 7f20 | 0100 0000 

  0x00000228ab7056b8: ;   {runtime_call StubRoutines (final stubs)}
  0x00000228ab7056b8: 7405 e801 | 5b1f 0748 | 8954 2478 

  0x00000228ab7056c4: ;   {metadata(method data for {method} {0x00000228bd478ef0} 'defineClass' '(Ljava/lang/String;[BIILjava/security/ProtectionDomain;)Ljava/lang/Class;' in 'java/lang/ClassLoader')}
  0x00000228ab7056c4: 48bb c8d1 | 3d81 2802 | 0000 8b83 | cc00 0000 | 83c0 0289 | 83cc 0000 | 0025 fe07 | 0000 85c0 
  0x00000228ab7056e4: 0f84 5003 | 0000 89b4 | 2494 0000 | 0089 bc24 | 9000 0000 | 4c89 8c24 | 8800 0000 

  0x00000228ab705700: ;   {metadata(method data for {method} {0x00000228bd478ef0} 'defineClass' '(Ljava/lang/String;[BIILjava/security/ProtectionDomain;)Ljava/lang/Class;' in 'java/lang/ClassLoader')}
  0x00000228ab705700: 488b da48 | b8c8 d13d | 8128 0200 | 0048 8380 | 1801 0000 | 0149 8bd8 | 4c8b c34c | 8bc9 488b 
  0x00000228ab705720: ca48 8bd1 | 4889 9c24 | 8000 0000 

  0x00000228ab70572c: ;   {optimized virtual_call}
  0x00000228ab70572c: 6666 90e8 

  0x00000228ab705730: ; ImmutableOopMap {[120]=Oop [128]=Oop [136]=Oop }
                      ;*invokevirtual preDefineClass {reexecute=0 rethrow=0 return_oop=0}
                      ; - java.lang.ClassLoader::defineClass@4 (line 1024)
  0x00000228ab705730: 6c19 f5ff 

  0x00000228ab705734: ;   {other}
  0x00000228ab705734: 0f1f 8400 | 2c02 0000 | 4889 8424 | 9800 0000 | 488b 5424 

  0x00000228ab705748: ;   {metadata(method data for {method} {0x00000228bd478ef0} 'defineClass' '(Ljava/lang/String;[BIILjava/security/ProtectionDomain;)Ljava/lang/Class;' in 'java/lang/ClassLoader')}
  0x00000228ab705748: 7849 b8c8 | d13d 8128 | 0200 0049 | 8380 4801 

  0x00000228ab705758: ;   {metadata(method data for {method} {0x00000228bd478bd8} 'defineClassSourceLocation' '(Ljava/security/ProtectionDomain;)Ljava/lang/String;' in 'java/lang/ClassLoader')}
  0x00000228ab705758: 0000 0149 | b880 d83d | 8128 0200 | 0041 8b90 | cc00 0000 | 83c2 0241 | 8990 cc00 | 0000 81e2 
  0x00000228ab705778: feff 1f00 | 85d2 0f84 | d702 0000 

  0x00000228ab705784: ; implicit exception: dispatches to 0x00000228ab705a7c
  0x00000228ab705784: 483b 004c 

  0x00000228ab705788: ;   {metadata(method data for {method} {0x00000228bd478bd8} 'defineClassSourceLocation' '(Ljava/security/ProtectionDomain;)Ljava/lang/String;' in 'java/lang/ClassLoader')}
  0x00000228ab705788: 8bc0 48ba | 80d8 3d81 | 2802 0000 | 4883 8218 | 0100 0001 | 448b 4010 

  0x00000228ab7057a0: ;   {metadata(method data for {method} {0x00000228bd478bd8} 'defineClassSourceLocation' '(Ljava/security/ProtectionDomain;)Ljava/lang/String;' in 'java/lang/ClassLoader')}
  0x00000228ab7057a0: 4d85 c048 | ba80 d83d | 8128 0200 | 00be 5801 | 0000 7505 | be48 0100 | 0048 8b3c | 3248 8d7f 
  0x00000228ab7057c0: 0148 893c | 320f 850f 

  0x00000228ab7057c8: ;   {oop(nullptr)}
  0x00000228ab7057c8: 0000 0048 | bb00 0000 | 0000 0000 | 00e9 a501 | 0000 493b | 0049 8bd0 

  0x00000228ab7057e0: ;   {metadata(method data for {method} {0x00000228bd478bd8} 'defineClassSourceLocation' '(Ljava/security/ProtectionDomain;)Ljava/lang/String;' in 'java/lang/ClassLoader')}
  0x00000228ab7057e0: 48be 80d8 | 3d81 2802 | 0000 4883 | 8668 0100 | 0001 418b | 500c 4885 

  0x00000228ab7057f8: ;   {metadata(method data for {method} {0x00000228bd478bd8} 'defineClassSourceLocation' '(Ljava/security/ProtectionDomain;)Ljava/lang/String;' in 'java/lang/ClassLoader')}
  0x00000228ab7057f8: d248 be80 | d83d 8128 | 0200 00bf | a801 0000 | 7505 bf98 | 0100 0048 | 8b1c 3e48 | 8d5b 0148 
  0x00000228ab705818: 891c 3e0f | 850f 0000 

  0x00000228ab705820: ;   {oop(nullptr)}
  0x00000228ab705820: 0048 bb00 | 0000 0000 | 0000 00e9 | 4f01 0000 

  0x00000228ab705830: ;   {metadata(method data for {method} {0x00000228bd478bd8} 'defineClassSourceLocation' '(Ljava/security/ProtectionDomain;)Ljava/lang/String;' in 'java/lang/ClassLoader')}
  0x00000228ab705830: 48be 80d8 | 3d81 2802 | 0000 4883 | 86b8 0100 | 0001 483b | 024c 8bc2 

  0x00000228ab705848: ;   {metadata(method data for {method} {0x00000228bd478bd8} 'defineClassSourceLocation' '(Ljava/security/ProtectionDomain;)Ljava/lang/String;' in 'java/lang/ClassLoader')}
  0x00000228ab705848: 48be 80d8 | 3d81 2802 | 0000 4883 | 86e8 0100 

  0x00000228ab705858: ;   {metadata(method data for {method} {0x00000228bd17d7f8} 'toString' '()Ljava/lang/String;' in 'java/net/URL')}
  0x00000228ab705858: 0001 49b8 | c0c9 3d81 | 2802 0000 | 418b b0cc | 0000 0083 | c602 4189 | b0cc 0000 | 0081 e6fe 
  0x00000228ab705878: ff1f 0085 | f60f 8408 | 0200 004c 

  0x00000228ab705884: ;   {metadata(method data for {method} {0x00000228bd17d7f8} 'toString' '()Ljava/lang/String;' in 'java/net/URL')}
  0x00000228ab705884: 8bc2 48be | c0c9 3d81 | 2802 0000 | 4883 8618 | 0100 0001 

  0x00000228ab705898: ;   {metadata(method data for {method} {0x00000228bd4719c0} 'toExternalForm' '()Ljava/lang/String;' in 'java/net/URL')}
  0x00000228ab705898: 49b8 6825 | 3d81 2802 | 0000 418b | b0cc 0000 | 0083 c602 | 4189 b0cc | 0000 0081 | e6fe ff1f 
  0x00000228ab7058b8: 0085 f60f | 84eb 0100 | 008b 7238 

  0x00000228ab7058c4: ; implicit exception: dispatches to 0x00000228ab705acd
  0x00000228ab7058c4: 483b 064c 

  0x00000228ab7058c8: ;   {metadata(method data for {method} {0x00000228bd4719c0} 'toExternalForm' '()Ljava/lang/String;' in 'java/net/URL')}
  0x00000228ab7058c8: 8bc6 48bf | 6825 3d81 | 2802 0000 | 458b 4008 | 49ba 0000 | 00bd 2802 | 0000 4d03 | c24c 3b87 
  0x00000228ab7058e8: 2001 0000 | 750d 4883 | 8728 0100 | 0001 e960 | 0000 004c | 3b87 3001 | 0000 750d | 4883 8738 
  0x00000228ab705908: 0100 0001 | e94a 0000 | 0048 83bf | 2001 0000 | 0075 174c | 8987 2001 | 0000 48c7 | 8728 0100 
  0x00000228ab705928: 0001 0000 | 00e9 2900 | 0000 4883 | bf30 0100 | 0000 7517 | 4c89 8730 | 0100 0048 | c787 3801 
  0x00000228ab705948: 0000 0100 | 0000 e908 | 0000 0048 | 8387 1801 | 0000 014c | 8bc2 488b | d60f 1f40 | 0048 b840 
  0x00000228ab705968: 95bf 8528 

  0x00000228ab70596c: ;   {virtual_call}
  0x00000228ab70596c: 0200 00e8 

  0x00000228ab705970: ; ImmutableOopMap {[120]=Oop [128]=Oop [136]=Oop [152]=Oop }
                      ;*invokevirtual toExternalForm {reexecute=0 rethrow=0 return_oop=0}
                      ; - java.net.URL::toExternalForm@5 (line 1203)
                      ; - java.net.URL::toString@1 (line 1189)
                      ; - java.lang.ClassLoader::defineClassSourceLocation@22 (line 928)
                      ; - java.lang.ClassLoader::defineClass@12 (line 1025)
  0x00000228ab705970: 1e22 f3ff 

  0x00000228ab705974: ;   {other}
  0x00000228ab705974: 0f1f 8400 | 6c04 0001 | 488b d848 | 8b84 2498 | 0000 008b | b424 9400 | 0000 8bbc | 2490 0000 
  0x00000228ab705994: 004c 8b8c | 2488 0000 | 004c 8b84 | 2480 0000 | 0048 8b54 

  0x00000228ab7059a8: ;   {metadata(method data for {method} {0x00000228bd478ef0} 'defineClass' '(Ljava/lang/String;[BIILjava/security/ProtectionDomain;)Ljava/lang/Class;' in 'java/lang/ClassLoader')}
  0x00000228ab7059a8: 2478 48b9 | c8d1 3d81 | 2802 0000 | 4883 8178 | 0100 0001 | 4c8b da49 | 8bd3 488b | c848 891c 
  0x00000228ab7059c8: 2466 0f1f 

  0x00000228ab7059cc: ;   {static_call}
  0x00000228ab7059cc: 4400 00e8 

  0x00000228ab7059d0: ; ImmutableOopMap {[120]=Oop [152]=Oop }
                      ;*invokestatic defineClass1 {reexecute=0 rethrow=0 return_oop=0}
                      ; - java.lang.ClassLoader::defineClass@27 (line 1026)
  0x00000228ab7059d0: dc18 9607 

  0x00000228ab7059d4: ;   {other}
  0x00000228ab7059d4: 0f1f 8400 | cc04 0002 | 488b 5424 

  0x00000228ab7059e0: ;   {metadata(method data for {method} {0x00000228bd478ef0} 'defineClass' '(Ljava/lang/String;[BIILjava/security/ProtectionDomain;)Ljava/lang/Class;' in 'java/lang/ClassLoader')}
  0x00000228ab7059e0: 7849 b8c8 | d13d 8128 | 0200 0049 | 8380 8801 | 0000 014c | 8bc0 4c8b | 8c24 9800 | 0000 488b 
  0x00000228ab705a00: 5424 7848 | 8984 24a0 | 0000 000f 

  0x00000228ab705a0c: ;   {optimized virtual_call}
  0x00000228ab705a0c: 1f40 00e8 

  0x00000228ab705a10: ; ImmutableOopMap {[160]=Oop }
                      ;*invokevirtual postDefineClass {reexecute=0 rethrow=0 return_oop=0}
                      ; - java.lang.ClassLoader::defineClass@37 (line 1027)
  0x00000228ab705a10: 0c9b fcff 

  0x00000228ab705a14: ;   {other}
  0x00000228ab705a14: 0f1f 8400 | 0c05 0003 | 488b 8424 | a000 0000 | 4881 c4b0 | 0000 005d 

  0x00000228ab705a2c: ;   {poll_return}
  0x00000228ab705a2c: 493b a748 | 0400 000f | 8799 0000 

  0x00000228ab705a38: ;   {metadata({method} {0x00000228bd478ef0} 'defineClass' '(Ljava/lang/String;[BIILjava/security/ProtectionDomain;)Ljava/lang/Class;' in 'java/lang/ClassLoader')}
  0x00000228ab705a38: 00c3 49ba | e88e 47bd | 2802 0000 | 4c89 5424 | 0848 c704 | 24ff ffff 

  0x00000228ab705a50: ;   {runtime_call counter_overflow Runtime1 stub}
  0x00000228ab705a50: ffe8 8af9 

  0x00000228ab705a54: ; ImmutableOopMap {rdx=Oop r8=Oop r9=Oop rcx=Oop [120]=Oop }
                      ;*synchronization entry
                      ; - java.lang.ClassLoader::defineClass@-1 (line 1024)
  0x00000228ab705a54: 2b07 e98f 

  0x00000228ab705a58: ;   {metadata({method} {0x00000228bd478bd8} 'defineClassSourceLocation' '(Ljava/security/ProtectionDomain;)Ljava/lang/String;' in 'java/lang/ClassLoader')}
  0x00000228ab705a58: fcff ff49 | bad0 8b47 | bd28 0200 | 004c 8954 | 2408 48c7 | 0424 ffff 

  0x00000228ab705a70: ;   {runtime_call counter_overflow Runtime1 stub}
  0x00000228ab705a70: ffff e869 

  0x00000228ab705a74: ; ImmutableOopMap {rax=Oop [120]=Oop [128]=Oop [136]=Oop [152]=Oop }
                      ;*synchronization entry
                      ; - java.lang.ClassLoader::defineClassSourceLocation@-1 (line 925)
                      ; - java.lang.ClassLoader::defineClass@12 (line 1025)
  0x00000228ab705a74: f92b 07e9 | 08fd ffff 

  0x00000228ab705a7c: ;   {runtime_call throw_null_pointer_exception Runtime1 stub}
  0x00000228ab705a7c: e85f 902b 

  0x00000228ab705a80: ; ImmutableOopMap {rax=Oop [120]=Oop [128]=Oop [136]=Oop [152]=Oop }
                      ;*invokevirtual getCodeSource {reexecute=0 rethrow=0 return_oop=0}
                      ; - java.lang.ClassLoader::defineClassSourceLocation@1 (line 925)
                      ; - java.lang.ClassLoader::defineClass@12 (line 1025)
                      ;   {runtime_call throw_null_pointer_exception Runtime1 stub}
  0x00000228ab705a80: 07e8 5a90 

  0x00000228ab705a84: ; ImmutableOopMap {rax=Oop r8=Oop [120]=Oop [128]=Oop [136]=Oop [152]=Oop }
                      ;*invokevirtual getLocation {reexecute=0 rethrow=0 return_oop=0}
                      ; - java.lang.ClassLoader::defineClassSourceLocation@12 (line 927)
                      ; - java.lang.ClassLoader::defineClass@12 (line 1025)
                      ;   {runtime_call throw_null_pointer_exception Runtime1 stub}
  0x00000228ab705a84: 2b07 e855 

  0x00000228ab705a88: ; ImmutableOopMap {rdx=Oop [120]=Oop [128]=Oop [136]=Oop [152]=Oop }
                      ;*invokevirtual toString {reexecute=0 rethrow=0 return_oop=0}
                      ; - java.lang.ClassLoader::defineClassSourceLocation@22 (line 928)
                      ; - java.lang.ClassLoader::defineClass@12 (line 1025)
                      ;   {metadata({method} {0x00000228bd17d7f8} 'toString' '()Ljava/lang/String;' in 'java/net/URL')}
  0x00000228ab705a88: 902b 0749 | baf0 d717 | bd28 0200 | 004c 8954 | 2408 48c7 | 0424 ffff 

  0x00000228ab705aa0: ;   {runtime_call counter_overflow Runtime1 stub}
  0x00000228ab705aa0: ffff e839 

  0x00000228ab705aa4: ; ImmutableOopMap {rdx=Oop [120]=Oop [128]=Oop [136]=Oop [152]=Oop }
                      ;*synchronization entry
                      ; - java.net.URL::toString@-1 (line 1189)
                      ; - java.lang.ClassLoader::defineClassSourceLocation@22 (line 928)
                      ; - java.lang.ClassLoader::defineClass@12 (line 1025)
  0x00000228ab705aa4: f92b 07e9 | d7fd ffff 

  0x00000228ab705aac: ;   {metadata({method} {0x00000228bd4719c0} 'toExternalForm' '()Ljava/lang/String;' in 'java/net/URL')}
  0x00000228ab705aac: 49ba b819 | 47bd 2802 | 0000 4c89 | 5424 0848 | c704 24ff 

  0x00000228ab705ac0: ;   {runtime_call counter_overflow Runtime1 stub}
  0x00000228ab705ac0: ffff ffe8 

  0x00000228ab705ac4: ; ImmutableOopMap {rdx=Oop [120]=Oop [128]=Oop [136]=Oop [152]=Oop }
                      ;*synchronization entry
                      ; - java.net.URL::toExternalForm@-1 (line 1203)
                      ; - java.net.URL::toString@1 (line 1189)
                      ; - java.lang.ClassLoader::defineClassSourceLocation@22 (line 928)
                      ; - java.lang.ClassLoader::defineClass@12 (line 1025)
  0x00000228ab705ac4: 18f9 2b07 | e9f4 fdff 

  0x00000228ab705acc: ;   {runtime_call throw_null_pointer_exception Runtime1 stub}
  0x00000228ab705acc: ffe8 0e90 

  0x00000228ab705ad0: ; ImmutableOopMap {rdx=Oop rsi=Oop [120]=Oop [128]=Oop [136]=Oop [152]=Oop }
                      ;*invokevirtual toExternalForm {reexecute=0 rethrow=0 return_oop=0}
                      ; - java.net.URL::toExternalForm@5 (line 1203)
                      ; - java.net.URL::toString@1 (line 1189)
                      ; - java.lang.ClassLoader::defineClassSourceLocation@22 (line 928)
                      ; - java.lang.ClassLoader::defineClass@12 (line 1025)
                      ;   {internal_word}
  0x00000228ab705ad0: 2b07 49ba | 2c5a 70ab | 2802 0000 | 4d89 9760 

  0x00000228ab705ae0: ;   {runtime_call SafepointBlob}
  0x00000228ab705ae0: 0400 00e9 | f8ef 2007 | 498b 8700 | 0500 0049 | c787 0005 | 0000 0000 | 0000 49c7 | 8708 0500 
  0x00000228ab705b00: 0000 0000 | 0048 81c4 | b000 0000 

  0x00000228ab705b0c: ;   {runtime_call unwind_exception Runtime1 stub}
  0x00000228ab705b0c: 5de9 ce7a | 2b07 f4f4 | f4f4 f4f4 
[Stub Code]
  0x00000228ab705b18: ;   {no_reloc}
  0x00000228ab705b18: 0f1f 4400 

  0x00000228ab705b1c: ;   {static_stub}
  0x00000228ab705b1c: 0048 bb00 | 0000 0000 

  0x00000228ab705b24: ;   {runtime_call nmethod}
  0x00000228ab705b24: 0000 00e9 | fbff ffff 

  0x00000228ab705b2c: ;   {static_stub}
  0x00000228ab705b2c: 48bb 0000 | 0000 0000 

  0x00000228ab705b34: ;   {runtime_call nmethod}
  0x00000228ab705b34: 0000 e9fb 

  0x00000228ab705b38: ;   {static_stub}
  0x00000228ab705b38: ffff ff48 | bb00 0000 | 0000 0000 

  0x00000228ab705b44: ;   {runtime_call nmethod}
  0x00000228ab705b44: 00e9 fbff 

  0x00000228ab705b48: ;   {static_stub}
  0x00000228ab705b48: ffff 48bb | 0000 0000 | 0000 0000 

  0x00000228ab705b54: ;   {runtime_call nmethod}
  0x00000228ab705b54: e9fb ffff 

  0x00000228ab705b58: ;   {runtime_call handle_exception_from_callee Runtime1 stub}
  0x00000228ab705b58: ffe8 82ad 

  0x00000228ab705b5c: ;   {external_word}
  0x00000228ab705b5c: 2b07 48b9 | 40d5 5255 | fb7f 0000 | 4883 e4f0 

  0x00000228ab705b6c: ;   {runtime_call}
  0x00000228ab705b6c: 48b8 704a | 1955 fb7f | 0000 ffd0 

  0x00000228ab705b78: ;   {section_word}
  0x00000228ab705b78: f449 ba79 | 5b70 ab28 | 0200 0041 

  0x00000228ab705b84: ;   {runtime_call DeoptimizationBlob}
  0x00000228ab705b84: 52e9 f6e1 | 2007 f4f4 | f4f4 f4f4 
[/MachCode]


Compiled method (c1) 2364 2058   !   3       org.eclipse.osgi.internal.loader.BundleLoader::findClass0 (490 bytes)
 total in heap  [0x00000228ab731208,0x00000228ab736780] = 21880
 relocation     [0x00000228ab7312e0,0x00000228ab731a38] = 1880
 main code      [0x00000228ab731a40,0x00000228ab7362e8] = 18600
 stub code      [0x00000228ab7362e8,0x00000228ab736630] = 840
 oops           [0x00000228ab736630,0x00000228ab736668] = 56
 metadata       [0x00000228ab736668,0x00000228ab736780] = 280
 immutable data [0x0000022885bc6db0,0x0000022885bc84b8] = 5896
 dependencies   [0x0000022885bc6db0,0x0000022885bc6e08] = 88
 nul chk table  [0x0000022885bc6e08,0x0000022885bc6f10] = 264
 handler table  [0x0000022885bc6f10,0x0000022885bc7030] = 288
 scopes pcs     [0x0000022885bc7030,0x0000022885bc7a60] = 2608
 scopes data    [0x0000022885bc7a60,0x0000022885bc84b8] = 2648

[Constant Pool (empty)]

[MachCode]
[Instructions begin]
  0x00000228ab731a40: 6666 660f | 1f84 0000 | 0000 0066 | 6666 9066 | 6690 448b | 5208 443b 

  0x00000228ab731a58: ;   {runtime_call ic_miss_stub}
  0x00000228ab731a58: 5008 0f85 | 80c7 1d07 
[Verified Entry Point]
  0x00000228ab731a60: 8984 2400 | 80ff ff55 | 4881 ec80 | 0100 0090 | 4181 7f20 | 0100 0000 

  0x00000228ab731a78: ;   {runtime_call StubRoutines (final stubs)}
  0x00000228ab731a78: 7405 e841 | 971c 0748 | 8994 24a8 | 0000 004c | 8984 24a0 | 0000 0044 | 898c 24b0 

  0x00000228ab731a94: ;   {metadata(method data for {method} {0x000002288157fe10} 'findClass0' '(Ljava/lang/String;ZZ)Ljava/lang/Class;' in 'org/eclipse/osgi/internal/loader/BundleLoader')}
  0x00000228ab731a94: 0000 0048 | be58 118a | 8128 0200 | 008b 9ecc | 0000 0083 | c302 899e | cc00 0000 | 81e3 fe07 
  0x00000228ab731ab4: 0000 85db | 0f84 1c3e | 0000 4585 

  0x00000228ab731ac0: ;   {metadata(method data for {method} {0x000002288157fe10} 'findClass0' '(Ljava/lang/String;ZZ)Ljava/lang/Class;' in 'org/eclipse/osgi/internal/loader/BundleLoader')}
  0x00000228ab731ac0: c948 be58 | 118a 8128 | 0200 00bb | 2801 0000 | 7505 bb18 | 0100 0048 | 8b04 1e48 | 8d40 0148 
  0x00000228ab731ae0: 8904 1e0f | 850c 0000 | 0089 bc24 | b400 0000 | e9e6 0000 | 008b 7248 

  0x00000228ab731af8: ;   {metadata(method data for {method} {0x000002288157fe10} 'findClass0' '(Ljava/lang/String;ZZ)Ljava/lang/Class;' in 'org/eclipse/osgi/internal/loader/BundleLoader')}
  0x00000228ab731af8: 4885 f648 | be58 118a | 8128 0200 | 00bb 3801 | 0000 7405 | bb48 0100 | 0048 8b04 | 1e48 8d40 
  0x00000228ab731b18: 0148 8904 | 1e89 bc24 | b400 0000 | 0f84 b100 | 0000 493b | 0049 8bf0 

  0x00000228ab731b30: ;   {metadata(method data for {method} {0x000002288157fe10} 'findClass0' '(Ljava/lang/String;ZZ)Ljava/lang/Class;' in 'org/eclipse/osgi/internal/loader/BundleLoader')}
  0x00000228ab731b30: 48bb 5811 | 8a81 2802 | 0000 4883 | 8358 0100 

  0x00000228ab731b40: ;   {metadata(method data for {method} {0x00000228bd48bed8} 'startsWith' '(Ljava/lang/String;)Z' in 'java/lang/String')}
  0x00000228ab731b40: 0001 48be | 88ae 0a81 | 2802 0000 | 8b9e cc00 | 0000 83c3 | 0289 9ecc | 0000 0081 | e3fe ff1f 
  0x00000228ab731b60: 0085 db0f | 8497 3d00 | 0049 8bf0 

  0x00000228ab731b6c: ;   {metadata(method data for {method} {0x00000228bd48bed8} 'startsWith' '(Ljava/lang/String;)Z' in 'java/lang/String')}
  0x00000228ab731b6c: 48bb 88ae | 0a81 2802 | 0000 4883 | 8318 0100 | 0001 498b 

  0x00000228ab731b80: ;   {oop("java."{0x0000000080005fd8})}
  0x00000228ab731b80: f049 b8d8 | 5f00 8000 | 0000 0041 | b900 0000 | 0048 8bd6 

  0x00000228ab731b94: ;   {optimized virtual_call}
  0x00000228ab731b94: 6666 90e8 

  0x00000228ab731b98: ; ImmutableOopMap {[160]=Oop [168]=Oop }
                      ;*invokevirtual startsWith {reexecute=0 rethrow=0 return_oop=0}
                      ; - java.lang.String::startsWith@3 (line 2416)
                      ; - org.eclipse.osgi.internal.loader.BundleLoader::findClass0@14 (line 466)
  0x00000228ab731b98: 142b 9307 

  0x00000228ab731b9c: ;   {other}
  0x00000228ab731b9c: 0f1f 8400 | 9409 0000 | 83e0 0185 

  0x00000228ab731ba8: ;   {metadata(method data for {method} {0x000002288157fe10} 'findClass0' '(Ljava/lang/String;ZZ)Ljava/lang/Class;' in 'org/eclipse/osgi/internal/loader/BundleLoader')}
  0x00000228ab731ba8: c048 b958 | 118a 8128 | 0200 0041 | b898 0100 | 0075 0641 | b888 0100 | 004e 8b0c | 014d 8d49 
  0x00000228ab731bc8: 014e 890c | 010f 85db | 3900 004c | 8b84 24a0 

  0x00000228ab731bd8: ;   {metadata(method data for {method} {0x000002288157fe10} 'findClass0' '(Ljava/lang/String;ZZ)Ljava/lang/Class;' in 'org/eclipse/osgi/internal/loader/BundleLoader')}
  0x00000228ab731bd8: 0000 0048 | b958 118a | 8128 0200 | 0048 8381 | d801 0000 

  0x00000228ab731bec: ;   {metadata(method data for {method} {0x000002288157e188} 'getPackageName' '(Ljava/lang/String;)Ljava/lang/String;' in 'org/eclipse/osgi/internal/loader/BundleLoader')}
  0x00000228ab731bec: 0148 b9a8 | 4689 8128 | 0200 0044 | 8b89 cc00 | 0000 4183 | c102 4489 | 89cc 0000 | 0041 81e1 
  0x00000228ab731c0c: feff 1f00 | 4585 c90f | 8408 3d00 | 004d 85c0 

  0x00000228ab731c1c: ;   {metadata(method data for {method} {0x000002288157e188} 'getPackageName' '(Ljava/lang/String;)Ljava/lang/String;' in 'org/eclipse/osgi/internal/loader/BundleLoader')}
  0x00000228ab731c1c: 48b9 a846 | 8981 2802 | 0000 41b9 | 1801 0000 | 7406 41b9 | 2801 0000 | 4a8b 1409 | 488d 5201 
  0x00000228ab731c3c: 4a89 1409 | 0f84 5a01 | 0000 493b | 0049 8bc8 

  0x00000228ab731c4c: ;   {metadata(method data for {method} {0x000002288157e188} 'getPackageName' '(Ljava/lang/String;)Ljava/lang/String;' in 'org/eclipse/osgi/internal/loader/BundleLoader')}
  0x00000228ab731c4c: 49b9 a846 | 8981 2802 | 0000 4983 | 8138 0100 

  0x00000228ab731c5c: ;   {metadata(method data for {method} {0x00000228bd48be28} 'lastIndexOf' '(I)I' in 'java/lang/String')}
  0x00000228ab731c5c: 0001 48b9 | a81b 0a81 | 2802 0000 | 448b 89cc | 0000 0041 | 83c1 0244 | 8989 cc00 | 0000 4181 
  0x00000228ab731c7c: e1fe ff1f | 0045 85c9 | 0f84 bd3c | 0000 498b 

  0x00000228ab731c8c: ;   {metadata(method data for {method} {0x00000228bd48be28} 'lastIndexOf' '(I)I' in 'java/lang/String')}
  0x00000228ab731c8c: c849 b9a8 | 1b0a 8128 | 0200 0049 | 8381 1801 

  0x00000228ab731c9c: ;   {metadata(method data for {method} {0x00000228bd1713d8} 'length' '()I' in 'java/lang/String')}
  0x00000228ab731c9c: 0000 0148 | b9c0 9201 | 8128 0200 | 0044 8b89 | cc00 0000 | 4183 c102 | 4489 89cc | 0000 0041 
  0x00000228ab731cbc: 81e1 feff | 1f00 4585 | c90f 849d | 3c00 0041 | 8b48 1444 | 8b49 0c49 

  0x00000228ab731cd4: ;   {metadata(method data for {method} {0x00000228bd1713d8} 'length' '()I' in 'java/lang/String')}
  0x00000228ab731cd4: 8bc8 48ba | c092 0181 | 2802 0000 | 4883 8218 | 0100 0001 

  0x00000228ab731ce8: ;   {metadata(method data for {method} {0x00000228bd48d110} 'coder' '()B' in 'java/lang/String')}
  0x00000228ab731ce8: 48b9 608f | 0181 2802 | 0000 8b91 | cc00 0000 | 83c2 0289 | 91cc 0000 | 0081 e2fe | ff1f 0085 
  0x00000228ab731d08: d20f 847f 

  0x00000228ab731d0c: ;   {metadata(method data for {method} {0x00000228bd48d110} 'coder' '()B' in 'java/lang/String')}
  0x00000228ab731d0c: 3c00 0048 | b960 8f01 | 8128 0200 | 00ff 8128 | 0100 0041 | 0fbe 4810 

  0x00000228ab731d24: ;   {metadata(method data for {method} {0x00000228bd48d110} 'coder' '()B' in 'java/lang/String')}
  0x00000228ab731d24: 48ba 608f | 0181 2802 | 0000 ff82 | 3801 0000 | c1e1 18c1 | f918 41d3 | f949 8bd0 

  0x00000228ab731d40: ;   {metadata(method data for {method} {0x00000228bd48be28} 'lastIndexOf' '(I)I' in 'java/lang/String')}
  0x00000228ab731d40: 48be a81b | 0a81 2802 | 0000 4883 | 8648 0100 | 0001 41ff | c949 8bf0 | 41b8 2e00 | 0000 488b 
  0x00000228ab731d60: d666 0f1f 

  0x00000228ab731d64: ;   {optimized virtual_call}
  0x00000228ab731d64: 4400 00e8 

  0x00000228ab731d68: ; ImmutableOopMap {[160]=Oop [168]=Oop }
                      ;*invokevirtual lastIndexOf {reexecute=0 rethrow=0 return_oop=0}
                      ; - java.lang.String::lastIndexOf@8 (line 2626)
                      ; - org.eclipse.osgi.internal.loader.BundleLoader::getPackageName@7 (line 143)
                      ; - org.eclipse.osgi.internal.loader.BundleLoader::findClass0@30 (line 473)
  0x00000228ab731d68: 9438 dbff 

  0x00000228ab731d6c: ;   {other}
  0x00000228ab731d6c: 0f1f 8400 | 640b 0001 

  0x00000228ab731d74: ;   {metadata(method data for {method} {0x000002288157e188} 'getPackageName' '(Ljava/lang/String;)Ljava/lang/String;' in 'org/eclipse/osgi/internal/loader/BundleLoader')}
  0x00000228ab731d74: 85c0 49b8 | a846 8981 | 2802 0000 | 41b9 7801 | 0000 7f06 | 41b9 6801 | 0000 4b8b | 1408 488d 
  0x00000228ab731d94: 5201 4b89 | 1408 0f8f | 0f00 0000 

  0x00000228ab731da0: ;   {oop("."{0x00000000800015b0})}
  0x00000228ab731da0: 48be b015 | 0080 0000 | 0000 e940 | 0000 004c | 8b84 24a0 

  0x00000228ab731db4: ;   {metadata(method data for {method} {0x000002288157e188} 'getPackageName' '(Ljava/lang/String;)Ljava/lang/String;' in 'org/eclipse/osgi/internal/loader/BundleLoader')}
  0x00000228ab731db4: 0000 0049 | b9a8 4689 | 8128 0200 | 0049 8381 | 8801 0000 | 0141 b800 | 0000 004c | 8bc8 488b 
  0x00000228ab731dd4: 9424 a000 | 0000 0f1f 

  0x00000228ab731ddc: ;   {optimized virtual_call}
  0x00000228ab731ddc: 4400 00e8 

  0x00000228ab731de0: ; ImmutableOopMap {[160]=Oop [168]=Oop }
                      ;*invokevirtual substring {reexecute=0 rethrow=0 return_oop=0}
                      ; - org.eclipse.osgi.internal.loader.BundleLoader::getPackageName@18 (line 145)
                      ; - org.eclipse.osgi.internal.loader.BundleLoader::findClass0@30 (line 473)
  0x00000228ab731de0: 0c3f 9007 

  0x00000228ab731de4: ;   {other}
  0x00000228ab731de4: 0f1f 8400 | dc0b 0002 | 488b f048 | 8b94 24a8 | 0000 0044 | 8b42 1849 | 3b00 498b 

  0x00000228ab731e00: ;   {metadata(method data for {method} {0x000002288157fe10} 'findClass0' '(Ljava/lang/String;ZZ)Ljava/lang/Class;' in 'org/eclipse/osgi/internal/loader/BundleLoader')}
  0x00000228ab731e00: f848 bb58 | 118a 8128 

  0x00000228ab731e08: ;   {metadata('org/eclipse/osgi/internal/debug/Debug')}
  0x00000228ab731e08: 0200 0049 | ba00 0409 | be28 0200 | 004c 8993 | f001 0000 | 4883 83f8 | 0100 0001 

  0x00000228ab731e24: ;   {metadata(method data for {method} {0x00000228814de4d0} 'loaderWithPackage' '(Ljava/lang/String;)Ljava/lang/String;' in 'org/eclipse/osgi/internal/debug/Debug')}
  0x00000228ab731e24: 48bf 281f | 8a81 2802 | 0000 8b9f | cc00 0000 | 83c3 0289 | 9fcc 0000 | 0081 e3fe | ff1f 0085 
  0x00000228ab731e44: db0f 8469 | 3b00 0041 | 0fbe 780e 

  0x00000228ab731e50: ;   {metadata(method data for {method} {0x00000228814de4d0} 'loaderWithPackage' '(Ljava/lang/String;)Ljava/lang/String;' in 'org/eclipse/osgi/internal/debug/Debug')}
  0x00000228ab731e50: 85ff 48bf | 281f 8a81 | 2802 0000 | bb18 0100 | 0074 05bb | 2801 0000 | 488b 041f | 488d 4001 
  0x00000228ab731e70: 4889 041f | 0f84 1700 

  0x00000228ab731e78: ;   {oop("org.eclipse.osgi/debug/loader"{0x00000000d7591ce8})}
  0x00000228ab731e78: 0000 48bb | e81c 59d7 | 0000 0000 | 4889 b424 | b800 0000 | e946 0100 | 0041 0fbe | 780f 85ff 
  0x00000228ab731e98: ;   {metadata(method data for {method} {0x00000228814de4d0} 'loaderWithPackage' '(Ljava/lang/String;)Ljava/lang/String;' in 'org/eclipse/osgi/internal/debug/Debug')}
  0x00000228ab731e98: 48bf 281f | 8a81 2802 | 0000 bb48 | 0100 0075 | 05bb 3801 | 0000 488b | 041f 488d | 4001 4889 
  0x00000228ab731eb8: 041f 0f85 | 0d00 0000 | 4889 b424 | b800 0000 | e9f1 0000 | 0041 8b78 | 2048 3b07 

  0x00000228ab731ed4: ;   {metadata(method data for {method} {0x00000228814de4d0} 'loaderWithPackage' '(Ljava/lang/String;)Ljava/lang/String;' in 'org/eclipse/osgi/internal/debug/Debug')}
  0x00000228ab731ed4: 4c8b c748 | bb28 1f8a | 8128 0200 | 0045 8b40 | 0849 ba00 | 0000 bd28 | 0200 004d | 03c2 4c3b 
  0x00000228ab731ef4: 8360 0100 | 0075 0d48 | 8383 6801 | 0000 01e9 | 6000 0000 | 4c3b 8370 | 0100 0075 | 0d48 8383 
  0x00000228ab731f14: 7801 0000 | 01e9 4a00 | 0000 4883 | bb60 0100 | 0000 7517 | 4c89 8360 | 0100 0048 | c783 6801 
  0x00000228ab731f34: 0000 0100 | 0000 e929 | 0000 0048 | 83bb 7001 | 0000 0075 | 174c 8983 | 7001 0000 | 48c7 8378 
  0x00000228ab731f54: 0100 0001 | 0000 00e9 | 0800 0000 | 4883 8358 | 0100 0001 | 4c8b c648 | 8bd7 4889 | b424 b800 
  0x00000228ab731f74: 0000 0f1f | 8000 0000 | 0048 b840 | ef54 8528 

  0x00000228ab731f84: ;   {virtual_call}
  0x00000228ab731f84: 0200 00e8 

  0x00000228ab731f88: ; ImmutableOopMap {[160]=Oop [168]=Oop [184]=Oop }
                      ;*invokeinterface contains {reexecute=0 rethrow=0 return_oop=0}
                      ; - org.eclipse.osgi.internal.debug.Debug::loaderWithPackage@22 (line 275)
                      ; - org.eclipse.osgi.internal.loader.BundleLoader::findClass0@41 (line 474)
  0x00000228ab731f88: 260b ffff 

  0x00000228ab731f8c: ;   {other}
  0x00000228ab731f8c: 0f1f 8400 | 840d 0003 

  0x00000228ab731f94: ;   {metadata(method data for {method} {0x00000228814de4d0} 'loaderWithPackage' '(Ljava/lang/String;)Ljava/lang/String;' in 'org/eclipse/osgi/internal/debug/Debug')}
  0x00000228ab731f94: 85c0 48ba | 281f 8a81 | 2802 0000 | be98 0100 | 0075 05be | 8801 0000 | 488b 3c32 | 488d 7f01 
  0x00000228ab731fb4: 4889 3c32 | 0f85 0f00 

  0x00000228ab731fbc: ;   {oop(nullptr)}
  0x00000228ab731fbc: 0000 48bb | 0000 0000 | 0000 0000 | e90a 0000 

  0x00000228ab731fcc: ;   {oop("org.eclipse.osgi/debug/loader/packages"{0x00000000d7591d30})}
  0x00000228ab731fcc: 0048 bb30 | 1d59 d700 | 0000 0048 

  0x00000228ab731fd8: ;   {metadata(method data for {method} {0x000002288157fe10} 'findClass0' '(Ljava/lang/String;ZZ)Ljava/lang/Class;' in 'org/eclipse/osgi/internal/loader/BundleLoader')}
  0x00000228ab731fd8: 85db 48ba | 5811 8a81 | 2802 0000 | be18 0200 | 0074 05be | 2802 0000 | 488b 3c32 | 488d 7f01 
  0x00000228ab731ff8: 4889 3c32 | 4889 9c24 | d000 0000 | 0f84 3209 | 0000 488b | 9424 a800 | 0000 448b | 4a18 6690 
  0x00000228ab732018: ;   {no_reloc}
  0x00000228ab732018: e9cc 3900 | 0000 0000 | 0000 498b | 87b8 0100 | 0048 8d78 | 1849 3bbf | c801 0000 | 0f87 b939 
  0x00000228ab732038: 0000 4989 | bfb8 0100 | 0048 c700 | 0100 0000 | 488b ca49 | ba00 0000 | bd28 0200 | 0049 2bca 
  0x00000228ab732058: 8948 0848 | 33c9 8948 | 0c48 33c9 | 4889 4810 | 4889 8424 | c000 0000 

  0x00000228ab732070: ;   {metadata(method data for {method} {0x000002288157fe10} 'findClass0' '(Ljava/lang/String;ZZ)Ljava/lang/Class;' in 'org/eclipse/osgi/internal/loader/BundleLoader')}
  0x00000228ab732070: 4c8b c048 | ba58 118a | 8128 0200 | 0048 8382 | 3802 0000 

  0x00000228ab732084: ;   {metadata(method data for {method} {0x00000228bd492ea8} '<init>' '(Ljava/lang/String;)V' in 'java/lang/StringBuilder')}
  0x00000228ab732084: 0149 b840 | af36 8128 | 0200 0041 | 8b90 cc00 | 0000 83c2 | 0241 8990 | cc00 0000 | 81e2 feff 
  0x00000228ab7320a4: 1f00 85d2 | 0f84 5239 | 0000 4c8b 

  0x00000228ab7320b0: ;   {metadata(method data for {method} {0x00000228bd492ea8} '<init>' '(Ljava/lang/String;)V' in 'java/lang/StringBuilder')}
  0x00000228ab7320b0: c048 ba40 | af36 8128 | 0200 0048 | 8382 1801 

  0x00000228ab7320c0: ;   {oop("BundleLoader["{0x00000000d57dc550})}
  0x00000228ab7320c0: 0000 0149 | b850 c57d | d500 0000 | 0048 8bd0 | 4c89 8c24 | c800 0000 | 0f1f 8000 

  0x00000228ab7320dc: ;   {optimized virtual_call}
  0x00000228ab7320dc: 0000 00e8 

  0x00000228ab7320e0: ; ImmutableOopMap {[160]=Oop [168]=Oop [184]=Oop [192]=Oop [200]=Oop [208]=Oop }
                      ;*invokespecial <init> {reexecute=0 rethrow=0 return_oop=0}
                      ; - java.lang.StringBuilder::<init>@2 (line 131)
                      ; - org.eclipse.osgi.internal.loader.BundleLoader::findClass0@64 (line 476)
  0x00000228ab7320e0: fcc3 1d07 

  0x00000228ab7320e4: ;   {other}
  0x00000228ab7320e4: 0f1f 8400 | dc0e 0004 | 488b 8424 | c000 0000 

  0x00000228ab7320f4: ;   {metadata(method data for {method} {0x000002288157fe10} 'findClass0' '(Ljava/lang/String;ZZ)Ljava/lang/Class;' in 'org/eclipse/osgi/internal/loader/BundleLoader')}
  0x00000228ab7320f4: 48ba 5811 | 8a81 2802 | 0000 4883 | 8248 0200 

  0x00000228ab732104: ;   {metadata(method data for {method} {0x00000228bd492c40} 'append' '(Ljava/lang/Object;)Ljava/lang/StringBuilder;' in 'java/lang/StringBuilder')}
  0x00000228ab732104: 0001 48ba | 606b 0a81 | 2802 0000 | 8bb2 cc00 | 0000 83c6 | 0289 b2cc | 0000 0081 | e6fe ff1f 
  0x00000228ab732124: 0085 f60f | 84f4 3800 

  0x00000228ab73212c: ;   {metadata(method data for {method} {0x00000228bd492c40} 'append' '(Ljava/lang/Object;)Ljava/lang/StringBuilder;' in 'java/lang/StringBuilder')}
  0x00000228ab73212c: 0048 ba60 | 6b0a 8128 | 0200 0048 | 8382 1801 

  0x00000228ab73213c: ;   {metadata(method data for {method} {0x00000228bd48d428} 'valueOf' '(Ljava/lang/Object;)Ljava/lang/String;' in 'java/lang/String')}
  0x00000228ab73213c: 0000 0148 | ba00 6d0a | 8128 0200 | 008b b2cc | 0000 0083 | c602 89b2 | cc00 0000 | 81e6 feff 
  0x00000228ab73215c: 1f00 85f6 | 0f84 dc38 

  0x00000228ab732164: ;   {metadata(method data for {method} {0x00000228bd48d428} 'valueOf' '(Ljava/lang/Object;)Ljava/lang/String;' in 'java/lang/String')}
  0x00000228ab732164: 0000 48ba | 006d 0a81 | 2802 0000 | ff82 1801 | 0000 488b | 9424 a800 

  0x00000228ab73217c: ;   {metadata(method data for {method} {0x00000228bd48d428} 'valueOf' '(Ljava/lang/Object;)Ljava/lang/String;' in 'java/lang/String')}
  0x00000228ab73217c: 0000 48be | 006d 0a81 | 2802 0000 | 8b52 0849 | ba00 0000 | bd28 0200 | 0049 03d2 | 483b 9658 
  0x00000228ab73219c: 0100 0075 | 0d48 8386 | 6001 0000 | 01e9 6000 | 0000 483b | 9668 0100 | 0075 0d48 | 8386 7001 
  0x00000228ab7321bc: 0000 01e9 | 4a00 0000 | 4883 be58 | 0100 0000 | 7517 4889 | 9658 0100 | 0048 c786 | 6001 0000 
  0x00000228ab7321dc: 0100 0000 | e929 0000 | 0048 83be | 6801 0000 | 0075 1748 | 8996 6801 | 0000 48c7 | 8670 0100 
  0x00000228ab7321fc: 0001 0000 | 00e9 0800 | 0000 4883 | 8650 0100 | 0001 488b | 9424 a800 

  0x00000228ab732214: ;   {optimized virtual_call}
  0x00000228ab732214: 0000 90e8 

  0x00000228ab732218: ; ImmutableOopMap {[160]=Oop [168]=Oop [184]=Oop [192]=Oop [200]=Oop [208]=Oop }
                      ;*invokevirtual toString {reexecute=0 rethrow=0 return_oop=0}
                      ; - java.lang.String::valueOf@11 (line 4556)
                      ; - java.lang.StringBuilder::append@2 (line 173)
                      ; - org.eclipse.osgi.internal.loader.BundleLoader::findClass0@68 (line 476)
  0x00000228ab732218: c4c2 1d07 

  0x00000228ab73221c: ;   {other}
  0x00000228ab73221c: 0f1f 8400 | 1410 0005 | 4c8b 8424 | c000 0000 

  0x00000228ab73222c: ;   {metadata(method data for {method} {0x00000228bd492c40} 'append' '(Ljava/lang/Object;)Ljava/lang/StringBuilder;' in 'java/lang/StringBuilder')}
  0x00000228ab73222c: 48ba 606b | 0a81 2802 | 0000 4883 | 8228 0100 

  0x00000228ab73223c: ;   {metadata(method data for {method} {0x00000228bd492be8} 'append' '(Ljava/lang/String;)Ljava/lang/StringBuilder;' in 'java/lang/StringBuilder')}
  0x00000228ab73223c: 0001 49b8 | c04e 0181 | 2802 0000 | 418b 90cc | 0000 0083 | c202 4189 | 90cc 0000 | 0081 e2fe 
  0x00000228ab73225c: ff1f 0085 | d20f 84fc | 3700 004c | 8b84 24c0 

  0x00000228ab73226c: ;   {metadata(method data for {method} {0x00000228bd492be8} 'append' '(Ljava/lang/String;)Ljava/lang/StringBuilder;' in 'java/lang/StringBuilder')}
  0x00000228ab73226c: 0000 0048 | bac0 4e01 | 8128 0200 | 0048 8382 | 1801 0000 | 014c 8bc0 | 488b 9424 | c000 0000 
  0x00000228ab73228c: ;   {optimized virtual_call}
  0x00000228ab73228c: 6666 90e8 

  0x00000228ab732290: ; ImmutableOopMap {[160]=Oop [168]=Oop [184]=Oop [192]=Oop [200]=Oop [208]=Oop }
                      ;*invokespecial append {reexecute=0 rethrow=0 return_oop=0}
                      ; - java.lang.StringBuilder::append@2 (line 179)
                      ; - java.lang.StringBuilder::append@5 (line 173)
                      ; - org.eclipse.osgi.internal.loader.BundleLoader::findClass0@68 (line 476)
  0x00000228ab732290: 4cc2 1d07 

  0x00000228ab732294: ;   {other}
  0x00000228ab732294: 0f1f 8400 | 8c10 0006 | 488b 8424 | c000 0000 

  0x00000228ab7322a4: ;   {metadata(method data for {method} {0x000002288157fe10} 'findClass0' '(Ljava/lang/String;ZZ)Ljava/lang/Class;' in 'org/eclipse/osgi/internal/loader/BundleLoader')}
  0x00000228ab7322a4: 4c8b c048 | ba58 118a | 8128 0200 | 0048 8382 | 7802 0000 

  0x00000228ab7322b8: ;   {metadata(method data for {method} {0x00000228bd492be8} 'append' '(Ljava/lang/String;)Ljava/lang/StringBuilder;' in 'java/lang/StringBuilder')}
  0x00000228ab7322b8: 0149 b8c0 | 4e01 8128 | 0200 0041 | 8b90 cc00 | 0000 83c2 | 0241 8990 | cc00 0000 | 81e2 feff 
  0x00000228ab7322d8: 1f00 85d2 | 0f84 a237 | 0000 4c8b 

  0x00000228ab7322e4: ;   {metadata(method data for {method} {0x00000228bd492be8} 'append' '(Ljava/lang/String;)Ljava/lang/StringBuilder;' in 'java/lang/StringBuilder')}
  0x00000228ab7322e4: c048 bac0 | 4e01 8128 | 0200 0048 | 8382 1801 

  0x00000228ab7322f4: ;   {oop("].findClass("{0x00000000d612e398})}
  0x00000228ab7322f4: 0000 0149 | b898 e312 | d600 0000 | 0048 8bd0 

  0x00000228ab732304: ;   {optimized virtual_call}
  0x00000228ab732304: 6666 90e8 

  0x00000228ab732308: ; ImmutableOopMap {[160]=Oop [168]=Oop [184]=Oop [192]=Oop [200]=Oop [208]=Oop }
                      ;*invokespecial append {reexecute=0 rethrow=0 return_oop=0}
                      ; - java.lang.StringBuilder::append@2 (line 179)
                      ; - org.eclipse.osgi.internal.loader.BundleLoader::findClass0@74 (line 476)
  0x00000228ab732308: d4c1 1d07 

  0x00000228ab73230c: ;   {other}
  0x00000228ab73230c: 0f1f 8400 | 0411 0007 | 488b 8424 | c000 0000 

  0x00000228ab73231c: ;   {metadata(method data for {method} {0x000002288157fe10} 'findClass0' '(Ljava/lang/String;ZZ)Ljava/lang/Class;' in 'org/eclipse/osgi/internal/loader/BundleLoader')}
  0x00000228ab73231c: 49b8 5811 | 8a81 2802 | 0000 4983 | 80a8 0200 

  0x00000228ab73232c: ;   {metadata(method data for {method} {0x00000228bd492be8} 'append' '(Ljava/lang/String;)Ljava/lang/StringBuilder;' in 'java/lang/StringBuilder')}
  0x00000228ab73232c: 0001 49b8 | c04e 0181 | 2802 0000 | 418b 90cc | 0000 0083 | c202 4189 | 90cc 0000 | 0081 e2fe 
  0x00000228ab73234c: ff1f 0085 | d20f 844e | 3700 0048 | 8b84 24c0 

  0x00000228ab73235c: ;   {metadata(method data for {method} {0x00000228bd492be8} 'append' '(Ljava/lang/String;)Ljava/lang/StringBuilder;' in 'java/lang/StringBuilder')}
  0x00000228ab73235c: 0000 0049 | b8c0 4e01 | 8128 0200 | 0049 8380 | 1801 0000 | 014c 8b84 | 24a0 0000 | 0048 8b94 
  0x00000228ab73237c: 24c0 0000 | 0066 0f1f 

  0x00000228ab732384: ;   {optimized virtual_call}
  0x00000228ab732384: 4400 00e8 

  0x00000228ab732388: ; ImmutableOopMap {[160]=Oop [168]=Oop [184]=Oop [192]=Oop [200]=Oop [208]=Oop }
                      ;*invokespecial append {reexecute=0 rethrow=0 return_oop=0}
                      ; - java.lang.StringBuilder::append@2 (line 179)
                      ; - org.eclipse.osgi.internal.loader.BundleLoader::findClass0@78 (line 476)
  0x00000228ab732388: 54c1 1d07 

  0x00000228ab73238c: ;   {other}
  0x00000228ab73238c: 0f1f 8400 | 8411 0008 | 488b 8424 | c000 0000 

  0x00000228ab73239c: ;   {metadata(method data for {method} {0x000002288157fe10} 'findClass0' '(Ljava/lang/String;ZZ)Ljava/lang/Class;' in 'org/eclipse/osgi/internal/loader/BundleLoader')}
  0x00000228ab73239c: 49b8 5811 | 8a81 2802 | 0000 4983 | 80d8 0200 

  0x00000228ab7323ac: ;   {metadata(method data for {method} {0x00000228bd492be8} 'append' '(Ljava/lang/String;)Ljava/lang/StringBuilder;' in 'java/lang/StringBuilder')}
  0x00000228ab7323ac: 0001 49b8 | c04e 0181 | 2802 0000 | 418b 90cc | 0000 0083 | c202 4189 | 90cc 0000 | 0081 e2fe 
  0x00000228ab7323cc: ff1f 0085 | d20f 84ef | 3600 0048 | 8b84 24c0 

  0x00000228ab7323dc: ;   {metadata(method data for {method} {0x00000228bd492be8} 'append' '(Ljava/lang/String;)Ljava/lang/StringBuilder;' in 'java/lang/StringBuilder')}
  0x00000228ab7323dc: 0000 0049 | b8c0 4e01 | 8128 0200 | 0049 8380 | 1801 0000 

  0x00000228ab7323f0: ;   {oop(")"{0x00000000800012b8})}
  0x00000228ab7323f0: 0149 b8b8 | 1200 8000 | 0000 0048 | 8b94 24c0 | 0000 000f 

  0x00000228ab732404: ;   {optimized virtual_call}
  0x00000228ab732404: 1f40 00e8 

  0x00000228ab732408: ; ImmutableOopMap {[160]=Oop [168]=Oop [184]=Oop [192]=Oop [200]=Oop [208]=Oop }
                      ;*invokespecial append {reexecute=0 rethrow=0 return_oop=0}
                      ; - java.lang.StringBuilder::append@2 (line 179)
                      ; - org.eclipse.osgi.internal.loader.BundleLoader::findClass0@84 (line 476)
  0x00000228ab732408: d4c0 1d07 

  0x00000228ab73240c: ;   {other}
  0x00000228ab73240c: 0f1f 8400 | 0412 0009 | 488b 8424 | c000 0000 

  0x00000228ab73241c: ;   {metadata(method data for {method} {0x000002288157fe10} 'findClass0' '(Ljava/lang/String;ZZ)Ljava/lang/Class;' in 'org/eclipse/osgi/internal/loader/BundleLoader')}
  0x00000228ab73241c: 48ba 5811 | 8a81 2802 | 0000 4883 | 8208 0300 

  0x00000228ab73242c: ;   {metadata(method data for {method} {0x00000228bd16af10} 'toString' '()Ljava/lang/String;' in 'java/lang/StringBuilder')}
  0x00000228ab73242c: 0001 48ba | 6856 0181 | 2802 0000 | 8bb2 cc00 | 0000 83c6 | 0289 b2cc | 0000 0081 | e6fe ff1f 
  0x00000228ab73244c: 0085 f60f | 8492 3600 | 0048 8b84 | 24c0 0000 

  0x00000228ab73245c: ;   {metadata(method data for {method} {0x00000228bd16af10} 'toString' '()Ljava/lang/String;' in 'java/lang/StringBuilder')}
  0x00000228ab73245c: 0048 ba68 | 5601 8128 | 0200 0048 | 8382 1801 

  0x00000228ab73246c: ;   {metadata(method data for {method} {0x00000228bd16af68} 'length' '()I' in 'java/lang/StringBuilder')}
  0x00000228ab73246c: 0000 0148 | ba20 5801 | 8128 0200 | 008b b2cc | 0000 0083 | c602 89b2 | cc00 0000 | 81e6 feff 
  0x00000228ab73248c: 1f00 85f6 | 0f84 7236 | 0000 488b | 8424 c000 

  0x00000228ab73249c: ;   {metadata(method data for {method} {0x00000228bd16af68} 'length' '()I' in 'java/lang/StringBuilder')}
  0x00000228ab73249c: 0000 48ba | 2058 0181 | 2802 0000 | 4883 8218 | 0100 0001 | 4c8b 8424 | c000 0000 | 418b 500c 
  0x00000228ab7324bc: ;   {metadata(method data for {method} {0x00000228bd16af10} 'toString' '()Ljava/lang/String;' in 'java/lang/StringBuilder')}
  0x00000228ab7324bc: 85d2 48ba | 6856 0181 | 2802 0000 | be48 0100 | 0075 05be | 5801 0000 | 488b 3c32 | 488d 7f01 
  0x00000228ab7324dc: 4889 3c32 | 0f85 0f00 

  0x00000228ab7324e4: ;   {oop(""{0x0000000080000168})}
  0x00000228ab7324e4: 0000 48be | 6801 0080 | 0000 0000 | e98f 0000 

  0x00000228ab7324f4: ;   {metadata('java/lang/String')}
  0x00000228ab7324f4: 0048 bad8 | 0d17 bd28 | 0200 0049 | 8b87 b801 | 0000 488d | 7818 493b | bfc8 0100 | 000f 8712 
  0x00000228ab732514: 3600 0049 | 89bf b801 | 0000 48c7 | 0001 0000 | 0048 8bca | 49ba 0000 | 00bd 2802 | 0000 492b 
  0x00000228ab732534: ca89 4808 | 4833 c989 | 480c 4833 | c948 8948 | 104c 8bc8 

  0x00000228ab732548: ;   {metadata(method data for {method} {0x00000228bd16af10} 'toString' '()Ljava/lang/String;' in 'java/lang/StringBuilder')}
  0x00000228ab732548: 48ba 6856 | 0181 2802 | 0000 4883 | 8268 0100 

  0x00000228ab732558: ;   {oop(nullptr)}
  0x00000228ab732558: 0001 49b9 | 0000 0000 | 0000 0000 | 488b d048 | 8984 24d8 

  0x00000228ab73256c: ;   {optimized virtual_call}
  0x00000228ab73256c: 0000 00e8 

  0x00000228ab732570: ; ImmutableOopMap {[160]=Oop [168]=Oop [184]=Oop [200]=Oop [208]=Oop [216]=Oop }
                      ;*invokespecial <init> {reexecute=0 rethrow=0 return_oop=0}
                      ; - java.lang.StringBuilder::toString@16 (line 478)
                      ; - org.eclipse.osgi.internal.loader.BundleLoader::findClass0@87 (line 476)
  0x00000228ab732570: 6cbf 1d07 

  0x00000228ab732574: ;   {other}
  0x00000228ab732574: 0f1f 8400 | 6c13 000a | 488b b424 | d800 0000 | 4c8b 8c24 | c800 0000 

  0x00000228ab73258c: ; implicit exception: dispatches to 0x00000228ab735b36
  0x00000228ab73258c: 493b 014d 

  0x00000228ab732590: ;   {metadata(method data for {method} {0x000002288157fe10} 'findClass0' '(Ljava/lang/String;ZZ)Ljava/lang/Class;' in 'org/eclipse/osgi/internal/loader/BundleLoader')}
  0x00000228ab732590: 8bc1 48ba | 5811 8a81 | 2802 0000 

  0x00000228ab73259c: ;   {metadata('org/eclipse/osgi/internal/debug/Debug')}
  0x00000228ab73259c: 49ba 0004 | 09be 2802 | 0000 4c89 | 9240 0300 | 0048 8382 | 4803 0000 

  0x00000228ab7325b4: ;   {metadata(method data for {method} {0x00000228814de3e8} 'trace' '(Ljava/lang/String;Ljava/lang/String;)V' in 'org/eclipse/osgi/internal/debug/Debug')}
  0x00000228ab7325b4: 0149 b800 | 0087 8128 | 0200 0041 | 8b90 cc00 | 0000 83c2 | 0241 8990 | cc00 0000 | 81e2 feff 
  0x00000228ab7325d4: 1f00 85d2 | 0f84 5d35 | 0000 418b | 5124 4885 

  0x00000228ab7325e4: ;   {metadata(method data for {method} {0x00000228814de3e8} 'trace' '(Ljava/lang/String;Ljava/lang/String;)V' in 'org/eclipse/osgi/internal/debug/Debug')}
  0x00000228ab7325e4: d249 b800 | 0087 8128 | 0200 0041 | b918 0100 | 0074 0641 | b928 0100 | 004b 8b3c | 0848 8d7f 
  0x00000228ab732604: 014b 893c | 080f 84e3 | 0200 0048 | 89b4 24e0 | 0000 0048 | 85d2 0f84 | 2900 0000 

  0x00000228ab732620: ;   {metadata('org/eclipse/osgi/internal/log/ExtendedLogServiceImpl')}
  0x00000228ab732620: 48bb c050 | 09be 2802 | 0000 8b7a | 0849 ba00 | 0000 bd28 | 0200 0049 | 03fa 483b | 5f38 0f85 
  0x00000228ab732640: 1835 0000 | e900 0000 | 004c 8bc2 

  0x00000228ab73264c: ; implicit exception: dispatches to 0x00000228ab735b61
  0x00000228ab73264c: 483b 024c 

  0x00000228ab732650: ;   {metadata(method data for {method} {0x00000228814de3e8} 'trace' '(Ljava/lang/String;Ljava/lang/String;)V' in 'org/eclipse/osgi/internal/debug/Debug')}
  0x00000228ab732650: 8bc2 49b9 | 0000 8781 | 2802 0000 

  0x00000228ab73265c: ;   {metadata('org/eclipse/osgi/internal/log/ExtendedLogServiceImpl')}
  0x00000228ab73265c: 49ba c050 | 09be 2802 | 0000 4d89 | 9140 0100 | 0049 8381 | 4801 0000 

  0x00000228ab732674: ;   {metadata(method data for {method} {0x00000228815047e0} 'getLogger' '(Ljava/lang/String;)Lorg/osgi/service/log/Logger;' in 'org/eclipse/osgi/internal/log/ExtendedLogServiceImpl')}
  0x00000228ab732674: 0149 b830 | 0287 8128 | 0200 0045 | 8b88 cc00 | 0000 4183 | c102 4589 | 88cc 0000 | 0041 81e1 
  0x00000228ab732694: feff 1f00 | 4585 c90f | 84c5 3400 | 004c 8bc2 

  0x00000228ab7326a4: ;   {metadata(method data for {method} {0x00000228815047e0} 'getLogger' '(Ljava/lang/String;)Lorg/osgi/service/log/Logger;' in 'org/eclipse/osgi/internal/log/ExtendedLogServiceImpl')}
  0x00000228ab7326a4: 49b9 3002 | 8781 2802 

  0x00000228ab7326ac: ;   {metadata('org/eclipse/osgi/internal/log/ExtendedLogServiceImpl')}
  0x00000228ab7326ac: 0000 49ba | c050 09be | 2802 0000 | 4d89 9120 | 0100 0049 | 8381 2801 

  0x00000228ab7326c4: ;   {metadata(method data for {method} {0x0000022881502068} 'getLogger' '(Ljava/lang/String;)Lorg/eclipse/equinox/log/Logger;' in 'org/eclipse/osgi/internal/log/ExtendedLogServiceImpl')}
  0x00000228ab7326c4: 0000 0149 | b8c0 0387 | 8128 0200 | 0045 8b88 | cc00 0000 | 4183 c102 | 4589 88cc | 0000 0041 
  0x00000228ab7326e4: 81e1 feff | 1f00 4585 | c90f 8494 | 3400 004c 

  0x00000228ab7326f4: ;   {metadata(method data for {method} {0x0000022881502068} 'getLogger' '(Ljava/lang/String;)Lorg/eclipse/equinox/log/Logger;' in 'org/eclipse/osgi/internal/log/ExtendedLogServiceImpl')}
  0x00000228ab7326f4: 8bc2 49b9 | c003 8781 | 2802 0000 

  0x00000228ab732700: ;   {metadata('org/eclipse/osgi/internal/log/ExtendedLogServiceImpl')}
  0x00000228ab732700: 49ba c050 | 09be 2802 | 0000 4d89 | 9120 0100 | 0049 8381 | 2801 0000 | 014c 8b84 | 24d0 0000 
  0x00000228ab732720: ;   {oop(a 'java/lang/Class'{0x00000000d72ad318} = 'org/osgi/service/log/Logger')}
  0x00000228ab732720: 0049 b918 | d32a d700 | 0000 000f 

  0x00000228ab73272c: ;   {optimized virtual_call}
  0x00000228ab73272c: 1f40 00e8 

  0x00000228ab732730: ; ImmutableOopMap {[160]=Oop [168]=Oop [184]=Oop [208]=Oop [224]=Oop }
                      ;*invokevirtual getLogger {reexecute=0 rethrow=0 return_oop=0}
                      ; - org.eclipse.osgi.internal.log.ExtendedLogServiceImpl::getLogger@4 (line 73)
                      ; - org.eclipse.osgi.internal.log.ExtendedLogServiceImpl::getLogger@2 (line 1)
                      ; - org.eclipse.osgi.internal.debug.Debug::trace@11 (line 265)
                      ; - org.eclipse.osgi.internal.loader.BundleLoader::findClass0@90 (line 476)
  0x00000228ab732730: acbd 1d07 

  0x00000228ab732734: ;   {other}
  0x00000228ab732734: 0f1f 8400 | 2c15 000b 

  0x00000228ab73273c: ;   {metadata(method data for {method} {0x0000022881502068} 'getLogger' '(Ljava/lang/String;)Lorg/eclipse/equinox/log/Logger;' in 'org/eclipse/osgi/internal/log/ExtendedLogServiceImpl')}
  0x00000228ab73273c: 4885 c048 | bec0 0387 | 8128 0200 | 0075 0c80 | 8e41 0100 | 0001 e9c9 | 0000 008b | 7808 49ba 
  0x00000228ab73275c: 0000 00bd | 2802 0000 | 4903 fa48 | 3bbe 5001 | 0000 750d | 4883 8658 | 0100 0001 | e960 0000 
  0x00000228ab73277c: 0048 3bbe | 6001 0000 | 750d 4883 | 8668 0100 | 0001 e94a | 0000 0048 | 83be 5001 | 0000 0075 
  0x00000228ab73279c: 1748 89be | 5001 0000 | 48c7 8658 | 0100 0001 | 0000 00e9 | 2900 0000 | 4883 be60 | 0100 0000 
  0x00000228ab7327bc: 7517 4889 | be60 0100 | 0048 c786 | 6801 0000 | 0100 0000 | e908 0000 | 0048 8386 | 4801 0000 
  0x00000228ab7327dc: ;   {metadata('org/eclipse/equinox/log/Logger')}
  0x00000228ab7327dc: 0148 bf78 | 2409 be28 | 0200 008b | 7008 49ba | 0000 00bd | 2802 0000 | 4903 f248 | 3b7e 200f 
  0x00000228ab7327fc: 841f 0000 | 0048 3bf7 | 0f84 1600 | 0000 5657 

  0x00000228ab73280c: ;   {runtime_call slow_subtype_check Runtime1 stub}
  0x00000228ab73280c: e8af f528 | 075e 5e85 | f60f 848d | 3300 00e9 | 0000 0000 | 488b d048 | 3b02 4c8b 

  0x00000228ab732828: ;   {metadata(method data for {method} {0x00000228814de3e8} 'trace' '(Ljava/lang/String;Ljava/lang/String;)V' in 'org/eclipse/osgi/internal/debug/Debug')}
  0x00000228ab732828: c248 be00 | 0087 8128 | 0200 0045 | 8b40 0849 | ba00 0000 | bd28 0200 | 004d 03c2 | 4c3b 8670 
  0x00000228ab732848: 0100 0075 | 0d48 8386 | 7801 0000 | 01e9 6000 | 0000 4c3b | 8680 0100 | 0075 0d48 | 8386 8801 
  0x00000228ab732868: 0000 01e9 | 4a00 0000 | 4883 be70 | 0100 0000 | 7517 4c89 | 8670 0100 | 0048 c786 | 7801 0000 
  0x00000228ab732888: 0100 0000 | e929 0000 | 0048 83be | 8001 0000 | 0075 174c | 8986 8001 | 0000 48c7 | 8688 0100 
  0x00000228ab7328a8: 0001 0000 | 00e9 0800 | 0000 4883 | 8668 0100 | 0001 4c8b | 8424 e000 | 0000 6666 | 9048 b868 
  0x00000228ab7328c8: ef54 8528 

  0x00000228ab7328cc: ;   {virtual_call}
  0x00000228ab7328cc: 0200 00e8 

  0x00000228ab7328d0: ; ImmutableOopMap {[160]=Oop [168]=Oop [184]=Oop [208]=Oop }
                      ;*invokeinterface debug {reexecute=0 rethrow=0 return_oop=0}
                      ; - org.eclipse.osgi.internal.debug.Debug::trace@17 (line 265)
                      ; - org.eclipse.osgi.internal.loader.BundleLoader::findClass0@90 (line 476)
  0x00000228ab7328d0: 0cbf 1d07 

  0x00000228ab7328d4: ;   {other}
  0x00000228ab7328d4: 0f1f 8400 | cc16 000c 

  0x00000228ab7328dc: ;   {metadata(method data for {method} {0x00000228814de3e8} 'trace' '(Ljava/lang/String;Ljava/lang/String;)V' in 'org/eclipse/osgi/internal/debug/Debug')}
  0x00000228ab7328dc: 49b8 0000 | 8781 2802 | 0000 41ff | 8098 0100 | 00e9 4a00 

  0x00000228ab7328f0: ;   {oop(a 'java/lang/Class'{0x00000000d72ac9e8} = 'org/eclipse/osgi/internal/debug/Debug')}
  0x00000228ab7328f0: 0000 49b8 | e8c9 2ad7 | 0000 0000 | 418b 90d0 | 0000 0048 | 3b02 4c8b 

  0x00000228ab732908: ;   {metadata(method data for {method} {0x00000228814de3e8} 'trace' '(Ljava/lang/String;Ljava/lang/String;)V' in 'org/eclipse/osgi/internal/debug/Debug')}
  0x00000228ab732908: c248 bf00 | 0087 8128 

  0x00000228ab732910: ;   {metadata('java/io/PrintStream')}
  0x00000228ab732910: 0200 0049 | ba78 c916 | bd28 0200 | 004c 8997 | b801 0000 | 4883 87c0 | 0100 0001 

  0x00000228ab73292c: ;   {optimized virtual_call}
  0x00000228ab73292c: 4c8b c6e8 

  0x00000228ab732930: ; ImmutableOopMap {[160]=Oop [168]=Oop [184]=Oop [208]=Oop }
                      ;*invokevirtual println {reexecute=0 rethrow=0 return_oop=0}
                      ; - org.eclipse.osgi.internal.debug.Debug::trace@29 (line 267)
                      ; - org.eclipse.osgi.internal.loader.BundleLoader::findClass0@90 (line 476)
  0x00000228ab732930: acbb 1d07 

  0x00000228ab732934: ;   {other}
  0x00000228ab732934: 0f1f 8400 | 2c17 000d | 448b 8c24 | b000 0000 

  0x00000228ab732944: ;   {metadata(method data for {method} {0x000002288157fe10} 'findClass0' '(Ljava/lang/String;ZZ)Ljava/lang/Class;' in 'org/eclipse/osgi/internal/loader/BundleLoader')}
  0x00000228ab732944: 4585 c949 | b858 118a | 8128 0200 | 00ba 7803 | 0000 7505 | ba68 0300 | 0049 8b34 | 1048 8d76 
  0x00000228ab732964: 0149 8934 | 100f 850a | 0000 00be | 0000 0000 | e981 0200 | 0048 8b94 | 24a8 0000 | 0044 8b42 
  0x00000228ab732984: 484d 85c0 

  0x00000228ab732988: ;   {metadata(method data for {method} {0x000002288157fe10} 'findClass0' '(Ljava/lang/String;ZZ)Ljava/lang/Class;' in 'org/eclipse/osgi/internal/loader/BundleLoader')}
  0x00000228ab732988: 49b8 5811 | 8a81 2802 | 0000 be98 | 0300 0075 | 05be 8803 | 0000 498b | 3c30 488d | 7f01 4989 
  0x00000228ab7329a8: 3c30 0f85 | 0a00 0000 | be00 0000 | 00e9 4002 | 0000 8b72 | 1448 3b06 

  0x00000228ab7329c0: ;   {metadata(method data for {method} {0x000002288157fe10} 'findClass0' '(Ljava/lang/String;ZZ)Ljava/lang/Class;' in 'org/eclipse/osgi/internal/loader/BundleLoader')}
  0x00000228ab7329c0: 4c8b c648 | bf58 118a | 8128 0200 

  0x00000228ab7329cc: ;   {metadata('org/eclipse/osgi/internal/framework/EquinoxContainer')}
  0x00000228ab7329cc: 0049 bab8 | 8608 be28 | 0200 004c | 8997 b003 | 0000 4883 | 87b8 0300 | 0001 4c8b | 8424 b800 
  0x00000228ab7329ec: 0000 488b | d666 0f1f 

  0x00000228ab7329f4: ;   {optimized virtual_call}
  0x00000228ab7329f4: 4400 00e8 

  0x00000228ab7329f8: ; ImmutableOopMap {[160]=Oop [168]=Oop [184]=Oop [208]=Oop }
                      ;*invokevirtual isBootDelegationPackage {reexecute=0 rethrow=0 return_oop=0}
                      ; - org.eclipse.osgi.internal.loader.BundleLoader::findClass0@113 (line 480)
  0x00000228ab7329f8: a47d 0100 

  0x00000228ab7329fc: ;   {other}
  0x00000228ab7329fc: 0f1f 8400 | f417 000e 

  0x00000228ab732a04: ;   {metadata(method data for {method} {0x000002288157fe10} 'findClass0' '(Ljava/lang/String;ZZ)Ljava/lang/Class;' in 'org/eclipse/osgi/internal/loader/BundleLoader')}
  0x00000228ab732a04: 85c0 49b8 | 5811 8a81 | 2802 0000 | 41b9 e803 | 0000 7506 | 41b9 d803 | 0000 4b8b | 1408 488d 
  0x00000228ab732a24: 5201 4b89 | 1408 0f85 | 0a00 0000 | be00 0000 | 00e9 c001 | 0000 488b | 9424 a800 | 0000 8b72 
  0x00000228ab732a44: 4848 3b06 

  0x00000228ab732a48: ;   {metadata(method data for {method} {0x000002288157fe10} 'findClass0' '(Ljava/lang/String;ZZ)Ljava/lang/Class;' in 'org/eclipse/osgi/internal/loader/BundleLoader')}
  0x00000228ab732a48: 4c8b c649 | b958 118a | 8128 0200 | 0045 8b40 | 0849 ba00 | 0000 bd28 | 0200 004d | 03c2 4d3b 
  0x00000228ab732a68: 8100 0400 | 0075 0d49 | 8381 0804 | 0000 01e9 | 6000 0000 | 4d3b 8110 | 0400 0075 | 0d49 8381 
  0x00000228ab732a88: 1804 0000 | 01e9 4a00 | 0000 4983 | b900 0400 | 0000 7517 | 4d89 8100 | 0400 0049 | c781 0804 
  0x00000228ab732aa8: 0000 0100 | 0000 e929 | 0000 0049 | 83b9 1004 | 0000 0075 | 174d 8981 | 1004 0000 | 49c7 8118 
  0x00000228ab732ac8: 0400 0001 | 0000 00e9 | 0800 0000 | 4983 81f8 | 0300 0001 

  0x00000228ab732adc: ;   {metadata(method data for {method} {0x00000228bd176d28} 'loadClass' '(Ljava/lang/String;)Ljava/lang/Class;' in 'java/lang/ClassLoader')}
  0x00000228ab732adc: 49b8 4868 | 2c81 2802 | 0000 458b | 88cc 0000 | 0041 83c1 | 0245 8988 | cc00 0000 | 4181 e1fe 
  0x00000228ab732afc: ff1f 0045 | 85c9 0f84 | bd30 0000 

  0x00000228ab732b08: ;   {metadata(method data for {method} {0x00000228bd176d28} 'loadClass' '(Ljava/lang/String;)Ljava/lang/Class;' in 'java/lang/ClassLoader')}
  0x00000228ab732b08: 4c8b c649 | b948 682c | 8128 0200 | 0045 8b40 | 0849 ba00 | 0000 bd28 | 0200 004d | 03c2 4d3b 
  0x00000228ab732b28: 8120 0100 | 0075 0d49 | 8381 2801 | 0000 01e9 | 6000 0000 | 4d3b 8130 | 0100 0075 | 0d49 8381 
  0x00000228ab732b48: 3801 0000 | 01e9 4a00 | 0000 4983 | b920 0100 | 0000 7517 | 4d89 8120 | 0100 0049 | c781 2801 
  0x00000228ab732b68: 0000 0100 | 0000 e929 | 0000 0049 | 83b9 3001 | 0000 0075 | 174d 8981 | 3001 0000 | 49c7 8138 
  0x00000228ab732b88: 0100 0001 | 0000 00e9 | 0800 0000 | 4983 8118 | 0100 0001 | 4c8b 8424 | a000 0000 | 41b9 0000 
  0x00000228ab732ba8: 0000 488b | d648 b890 | ef54 8528 

  0x00000228ab732bb4: ;   {virtual_call}
  0x00000228ab732bb4: 0200 00e8 

  0x00000228ab732bb8: ; ImmutableOopMap {[160]=Oop [168]=Oop [184]=Oop [208]=Oop }
                      ;*invokevirtual loadClass {reexecute=0 rethrow=0 return_oop=0}
                      ; - java.lang.ClassLoader::loadClass@3 (line 528)
                      ; - org.eclipse.osgi.internal.loader.BundleLoader::findClass0@124 (line 484)
  0x00000228ab732bb8: 24bc 1d07 

  0x00000228ab732bbc: ;   {other}
  0x00000228ab732bbc: 0f1f 8400 | b419 000f | 4881 c480 | 0100 005d 

  0x00000228ab732bcc: ;   {poll_return}
  0x00000228ab732bcc: 493b a748 | 0400 000f | 870d 3000 | 00c3 498b | 8700 0500 | 004d 33d2 | 4d89 9700 | 0500 004d 
  0x00000228ab732bec: 33d2 4d89 | 9708 0500 | 00be 0100 | 0000 89b4 | 24e8 0000 | 0048 8b94 | 24a8 0000 

  0x00000228ab732c08: ;   {metadata(method data for {method} {0x000002288157fe10} 'findClass0' '(Ljava/lang/String;ZZ)Ljava/lang/Class;' in 'org/eclipse/osgi/internal/loader/BundleLoader')}
  0x00000228ab732c08: 0049 b858 | 118a 8128 | 0200 0049 | 8380 2804 | 0000 014c | 8b84 24a0 | 0000 0041 | b901 0000 
  0x00000228ab732c28: 0048 8b94 | 24a8 0000 | 0066 0f1f 

  0x00000228ab732c34: ;   {optimized virtual_call}
  0x00000228ab732c34: 4400 00e8 

  0x00000228ab732c38: ; ImmutableOopMap {[160]=Oop [168]=Oop [184]=Oop [208]=Oop }
                      ;*invokespecial searchHooks {reexecute=0 rethrow=0 return_oop=0}
                      ; - org.eclipse.osgi.internal.loader.BundleLoader::findClass0@139 (line 492)
  0x00000228ab732c38: a488 0100 

  0x00000228ab732c3c: ;   {other}
  0x00000228ab732c3c: 0f1f 8400 | 341a 0010 

  0x00000228ab732c44: ;   {metadata(method data for {method} {0x000002288157fe10} 'findClass0' '(Ljava/lang/String;ZZ)Ljava/lang/Class;' in 'org/eclipse/osgi/internal/loader/BundleLoader')}
  0x00000228ab732c44: 4885 c048 | ba58 118a | 8128 0200 | 0075 0c80 | 8a31 0400 | 0001 e9af | 0000 008b | 7008 49ba 
  0x00000228ab732c64: 0000 00bd | 2802 0000 | 4903 f248 | 3bb2 4004 | 0000 750d | 4883 8248 | 0400 0001 | e960 0000 
  0x00000228ab732c84: 0048 3bb2 | 5004 0000 | 750d 4883 | 8258 0400 | 0001 e94a | 0000 0048 | 83ba 4004 | 0000 0075 
  0x00000228ab732ca4: 1748 89b2 | 4004 0000 | 48c7 8248 | 0400 0001 | 0000 00e9 | 2900 0000 | 4883 ba50 | 0400 0000 
  0x00000228ab732cc4: 7517 4889 | b250 0400 | 0048 c782 | 5804 0000 | 0100 0000 | e908 0000 | 0048 8382 | 3804 0000 
  0x00000228ab732ce4: ;   {metadata('java/lang/Class')}
  0x00000228ab732ce4: 0148 be30 | 9116 bd28 | 0200 0044 | 8b40 0849 | ba00 0000 | bd28 0200 | 004d 03c2 | 493b f00f 
  0x00000228ab732d04: 85f3 2e00 | 00e9 0000 

  0x00000228ab732d0c: ;   {metadata(method data for {method} {0x000002288157fe10} 'findClass0' '(Ljava/lang/String;ZZ)Ljava/lang/Class;' in 'org/eclipse/osgi/internal/loader/BundleLoader')}
  0x00000228ab732d0c: 0000 49b8 | 5811 8a81 | 2802 0000 | 41ff 8068 | 0400 00e9 | 2500 0000 | 498b 8700 | 0500 004d 
  0x00000228ab732d2c: 33d2 4d89 | 9700 0500 | 004d 33d2 | 4d89 9708 

  0x00000228ab732d3c: ;   {oop(nullptr)}
  0x00000228ab732d3c: 0500 0048 | b800 0000 | 0000 0000 | 0048 85c0 

  0x00000228ab732d4c: ;   {metadata(method data for {method} {0x000002288157fe10} 'findClass0' '(Ljava/lang/String;ZZ)Ljava/lang/Class;' in 'org/eclipse/osgi/internal/loader/BundleLoader')}
  0x00000228ab732d4c: 49b8 5811 | 8a81 2802 | 0000 ba90 | 0400 0075 | 05ba 8004 | 0000 498b | 3410 488d | 7601 4989 
  0x00000228ab732d6c: 3410 0f85 | 0e28 0000 | 4889 8424 | f000 0000 | 488b 9424 | a800 0000 

  0x00000228ab732d84: ;   {metadata(method data for {method} {0x000002288157fe10} 'findClass0' '(Ljava/lang/String;ZZ)Ljava/lang/Class;' in 'org/eclipse/osgi/internal/loader/BundleLoader')}
  0x00000228ab732d84: 49b8 5811 | 8a81 2802 | 0000 4983 | 80a0 0400 

  0x00000228ab732d94: ;   {metadata(method data for {method} {0x0000022881582bb8} 'findImportedSource' '(Ljava/lang/String;Ljava/util/Collection;)Lorg/eclipse/osgi/internal/loader/sources/PackageSource;' in 'org/eclipse/osgi/internal/loader/BundleLoader')}
  0x00000228ab732d94: 0001 49b8 | f829 8a81 | 2802 0000 | 418b 90cc | 0000 0083 | c202 4189 | 90cc 0000 | 0081 e2fe 
  0x00000228ab732db4: ff1f 0085 | d20f 8446 | 2e00 0048 | 8b94 24a8 

  0x00000228ab732dc4: ;   {metadata(method data for {method} {0x0000022881582bb8} 'findImportedSource' '(Ljava/lang/String;Ljava/util/Collection;)Lorg/eclipse/osgi/internal/loader/sources/PackageSource;' in 'org/eclipse/osgi/internal/loader/BundleLoader')}
  0x00000228ab732dc4: 0000 0049 | b8f8 298a | 8128 0200 | 0049 8380 | 1801 0000 

  0x00000228ab732dd8: ;   {oop(nullptr)}
  0x00000228ab732dd8: 0149 b800 | 0000 0000 | 0000 0048 | 8b94 24a8 | 0000 000f 

  0x00000228ab732dec: ;   {optimized virtual_call}
  0x00000228ab732dec: 1f40 00e8 

  0x00000228ab732df0: ; ImmutableOopMap {[160]=Oop [168]=Oop [184]=Oop [208]=Oop [240]=Oop }
                      ;*invokespecial getImportedSources {reexecute=0 rethrow=0 return_oop=0}
                      ; - org.eclipse.osgi.internal.loader.BundleLoader::findImportedSource@2 (line 1251)
                      ; - org.eclipse.osgi.internal.loader.BundleLoader::findClass0@164 (line 499)
  0x00000228ab732df0: ac4b 0100 

  0x00000228ab732df4: ;   {other}
  0x00000228ab732df4: 0f1f 8400 | ec1b 0011 | 4c8d 8424 | 6801 0000 | 488b f049 | 8970 0848 | 8b06 418b | 9718 0600 
  0x00000228ab732e14: 0081 fa68 | 0600 000f | 8d0a 2e00 | 0049 3b74 | 17f8 0f84 | 2500 0000 | a802 0f85 | f72d 0000 
  0x00000228ab732e34: 488b d048 | 83e2 fe48 | 83c8 01f0 | 480f b116 | 0f85 e12d | 0000 418b | 9718 0600 | 0049 8934 
  0x00000228ab732e54: 1783 c208 | 4189 9718 | 0600 0049 | ff87 5005 | 0000 488b 

  0x00000228ab732e68: ;   {metadata(method data for {method} {0x0000022881582bb8} 'findImportedSource' '(Ljava/lang/String;Ljava/util/Collection;)Lorg/eclipse/osgi/internal/loader/sources/PackageSource;' in 'org/eclipse/osgi/internal/loader/BundleLoader')}
  0x00000228ab732e68: c649 b8f8 | 298a 8128 | 0200 008b | 4008 49ba | 0000 00bd | 2802 0000 | 4903 c249 | 3b80 3001 
  0x00000228ab732e88: 0000 750d | 4983 8038 | 0100 0001 | e960 0000 | 0049 3b80 | 4001 0000 | 750d 4983 | 8048 0100 
  0x00000228ab732ea8: 0001 e94a | 0000 0049 | 83b8 3001 | 0000 0075 | 1749 8980 | 3001 0000 | 49c7 8038 | 0100 0001 
  0x00000228ab732ec8: 0000 00e9 | 2900 0000 | 4983 b840 | 0100 0000 | 7517 4989 | 8040 0100 | 0049 c780 | 4801 0000 
  0x00000228ab732ee8: 0100 0000 | e908 0000 | 0049 8380 | 2801 0000 | 014c 8b84 | 24b8 0000 | 0048 8bd6 | 4889 b424 
  0x00000228ab732f08: f800 0000 | 9048 b8b8 | ef54 8528 

  0x00000228ab732f14: ;   {virtual_call}
  0x00000228ab732f14: 0200 00e8 

  0x00000228ab732f18: ; ImmutableOopMap {[160]=Oop [168]=Oop [184]=Oop [208]=Oop [240]=Oop [248]=Oop [368]=Oop }
                      ;*invokeinterface get {reexecute=0 rethrow=0 return_oop=0}
                      ; - org.eclipse.osgi.internal.loader.BundleLoader::findImportedSource@13 (line 1253)
                      ; - org.eclipse.osgi.internal.loader.BundleLoader::findClass0@164 (line 499)
  0x00000228ab732f18: a6eb 9507 

  0x00000228ab732f1c: ;   {other}
  0x00000228ab732f1c: 0f1f 8400 | 141d 0012 

  0x00000228ab732f24: ;   {metadata(method data for {method} {0x0000022881582bb8} 'findImportedSource' '(Ljava/lang/String;Ljava/util/Collection;)Lorg/eclipse/osgi/internal/loader/sources/PackageSource;' in 'org/eclipse/osgi/internal/loader/BundleLoader')}
  0x00000228ab732f24: 4885 c048 | baf8 298a | 8128 0200 | 0075 0c80 | 8a51 0100 | 0001 e9af | 0000 008b | 7008 49ba 
  0x00000228ab732f44: 0000 00bd | 2802 0000 | 4903 f248 | 3bb2 6001 | 0000 750d | 4883 8268 | 0100 0001 | e960 0000 
  0x00000228ab732f64: 0048 3bb2 | 7001 0000 | 750d 4883 | 8278 0100 | 0001 e94a | 0000 0048 | 83ba 6001 | 0000 0075 
  0x00000228ab732f84: 1748 89b2 | 6001 0000 | 48c7 8268 | 0100 0001 | 0000 00e9 | 2900 0000 | 4883 ba70 | 0100 0000 
  0x00000228ab732fa4: 7517 4889 | b270 0100 | 0048 c782 | 7801 0000 | 0100 0000 | e908 0000 | 0048 8382 | 5801 0000 
  0x00000228ab732fc4: ;   {metadata('org/eclipse/osgi/internal/loader/sources/PackageSource')}
  0x00000228ab732fc4: 0148 bee8 | c50b be28 | 0200 008b | 5008 49ba | 0000 00bd | 2802 0000 | 4903 d248 | 3b72 380f 
  0x00000228ab732fe4: 8555 2c00 | 00e9 0000 | 0000 488b | d848 899c | 2408 0100 | 0048 8d84 | 2468 0100 | 0048 8b70 
  0x00000228ab733004: 0841 8b97 | 1806 0000 | 493b 7417 | f80f 8530 | 2c00 0041 | 83af 1806 | 0000 0849 | 3b74 17f0 
  0x00000228ab733024: 0f84 2a00 | 0000 488b | 06a8 020f | 8512 0000 | 0048 8bd0 | 4883 ca01 | f048 0fb1 | 160f 840d 
  0x00000228ab733044: 0000 0041 | 8387 1806 | 0000 08e9 | f32b 0000 | 49ff 8f50 | 0500 0048 

  0x00000228ab73305c: ;   {metadata(method data for {method} {0x000002288157fe10} 'findClass0' '(Ljava/lang/String;ZZ)Ljava/lang/Class;' in 'org/eclipse/osgi/internal/loader/BundleLoader')}
  0x00000228ab73305c: 85db 48ba | 5811 8a81 | 2802 0000 | beb0 0400 | 0074 05be | c004 0000 | 488b 3c32 | 488d 7f01 
  0x00000228ab73307c: 4889 3c32 | 0f84 c10f | 0000 4c8b | 8c24 d000 | 0000 4d85 

  0x00000228ab733090: ;   {metadata(method data for {method} {0x000002288157fe10} 'findClass0' '(Ljava/lang/String;ZZ)Ljava/lang/Class;' in 'org/eclipse/osgi/internal/loader/BundleLoader')}
  0x00000228ab733090: c948 ba58 | 118a 8128 | 0200 00be | d004 0000 | 7405 bee0 | 0400 0048 | 8b3c 3248 | 8d7f 0148 
  0x00000228ab7330b0: 893c 324c | 898c 24d0 | 0000 000f | 842b 0a00 | 0048 8b94 | 24a8 0000 | 0044 8b5a | 1866 6690 
  0x00000228ab7330d0: ;   {no_reloc}
  0x00000228ab7330d0: e997 2b00 | 0000 0000 | 0000 498b | 87b8 0100 | 0048 8d78 | 1849 3bbf | c801 0000 | 0f87 842b 
  0x00000228ab7330f0: 0000 4989 | bfb8 0100 | 0048 c700 | 0100 0000 | 488b ca49 | ba00 0000 | bd28 0200 | 0049 2bca 
  0x00000228ab733110: 8948 0848 | 33c9 8948 | 0c48 33c9 | 4889 4810 

  0x00000228ab733120: ;   {metadata(method data for {method} {0x000002288157fe10} 'findClass0' '(Ljava/lang/String;ZZ)Ljava/lang/Class;' in 'org/eclipse/osgi/internal/loader/BundleLoader')}
  0x00000228ab733120: 4c8b c048 | ba58 118a | 8128 0200 | 0048 8382 | f004 0000 

  0x00000228ab733134: ;   {metadata(method data for {method} {0x00000228bd492ea8} '<init>' '(Ljava/lang/String;)V' in 'java/lang/StringBuilder')}
  0x00000228ab733134: 0149 b840 | af36 8128 | 0200 0041 | 8b90 cc00 | 0000 83c2 | 0241 8990 | cc00 0000 | 81e2 feff 
  0x00000228ab733154: 1f00 85d2 | 0f84 252b | 0000 4c8b 

  0x00000228ab733160: ;   {metadata(method data for {method} {0x00000228bd492ea8} '<init>' '(Ljava/lang/String;)V' in 'java/lang/StringBuilder')}
  0x00000228ab733160: c048 ba40 | af36 8128 | 0200 0048 | 8382 1801 

  0x00000228ab733170: ;   {oop("BundleLoader["{0x00000000d57dc550})}
  0x00000228ab733170: 0000 0149 | b850 c57d | d500 0000 | 0048 8bd0 | 4c89 9c24 | 1001 0000 | 4889 8424 | 0001 0000 
  0x00000228ab733190: 0f1f 8000 

  0x00000228ab733194: ;   {optimized virtual_call}
  0x00000228ab733194: 0000 00e8 

  0x00000228ab733198: ; ImmutableOopMap {[160]=Oop [168]=Oop [208]=Oop [256]=Oop [264]=Oop [272]=Oop }
                      ;*invokespecial <init> {reexecute=0 rethrow=0 return_oop=0}
                      ; - java.lang.StringBuilder::<init>@2 (line 131)
                      ; - org.eclipse.osgi.internal.loader.BundleLoader::findClass0@192 (line 502)
  0x00000228ab733198: 44b3 1d07 

  0x00000228ab73319c: ;   {other}
  0x00000228ab73319c: 0f1f 8400 | 941f 0013 | 488b 8424 | 0001 0000 

  0x00000228ab7331ac: ;   {metadata(method data for {method} {0x000002288157fe10} 'findClass0' '(Ljava/lang/String;ZZ)Ljava/lang/Class;' in 'org/eclipse/osgi/internal/loader/BundleLoader')}
  0x00000228ab7331ac: 48ba 5811 | 8a81 2802 | 0000 4883 | 8200 0500 

  0x00000228ab7331bc: ;   {metadata(method data for {method} {0x00000228bd492c40} 'append' '(Ljava/lang/Object;)Ljava/lang/StringBuilder;' in 'java/lang/StringBuilder')}
  0x00000228ab7331bc: 0001 48ba | 606b 0a81 | 2802 0000 | 8bb2 cc00 | 0000 83c6 | 0289 b2cc | 0000 0081 | e6fe ff1f 
  0x00000228ab7331dc: 0085 f60f | 84bf 2a00 

  0x00000228ab7331e4: ;   {metadata(method data for {method} {0x00000228bd492c40} 'append' '(Ljava/lang/Object;)Ljava/lang/StringBuilder;' in 'java/lang/StringBuilder')}
  0x00000228ab7331e4: 0048 ba60 | 6b0a 8128 | 0200 0048 | 8382 1801 

  0x00000228ab7331f4: ;   {metadata(method data for {method} {0x00000228bd48d428} 'valueOf' '(Ljava/lang/Object;)Ljava/lang/String;' in 'java/lang/String')}
  0x00000228ab7331f4: 0000 0148 | ba00 6d0a | 8128 0200 | 008b b2cc | 0000 0083 | c602 89b2 | cc00 0000 | 81e6 feff 
  0x00000228ab733214: 1f00 85f6 | 0f84 a72a 

  0x00000228ab73321c: ;   {metadata(method data for {method} {0x00000228bd48d428} 'valueOf' '(Ljava/lang/Object;)Ljava/lang/String;' in 'java/lang/String')}
  0x00000228ab73321c: 0000 48ba | 006d 0a81 | 2802 0000 | ff82 1801 | 0000 488b | 9424 a800 

  0x00000228ab733234: ;   {metadata(method data for {method} {0x00000228bd48d428} 'valueOf' '(Ljava/lang/Object;)Ljava/lang/String;' in 'java/lang/String')}
  0x00000228ab733234: 0000 48be | 006d 0a81 | 2802 0000 | 8b52 0849 | ba00 0000 | bd28 0200 | 0049 03d2 | 483b 9658 
  0x00000228ab733254: 0100 0075 | 0d48 8386 | 6001 0000 | 01e9 6000 | 0000 483b | 9668 0100 | 0075 0d48 | 8386 7001 
  0x00000228ab733274: 0000 01e9 | 4a00 0000 | 4883 be58 | 0100 0000 | 7517 4889 | 9658 0100 | 0048 c786 | 6001 0000 
  0x00000228ab733294: 0100 0000 | e929 0000 | 0048 83be | 6801 0000 | 0075 1748 | 8996 6801 | 0000 48c7 | 8670 0100 
  0x00000228ab7332b4: 0001 0000 | 00e9 0800 | 0000 4883 | 8650 0100 | 0001 488b | 9424 a800 

  0x00000228ab7332cc: ;   {optimized virtual_call}
  0x00000228ab7332cc: 0000 90e8 

  0x00000228ab7332d0: ; ImmutableOopMap {[160]=Oop [168]=Oop [208]=Oop [256]=Oop [264]=Oop [272]=Oop }
                      ;*invokevirtual toString {reexecute=0 rethrow=0 return_oop=0}
                      ; - java.lang.String::valueOf@11 (line 4556)
                      ; - java.lang.StringBuilder::append@2 (line 173)
                      ; - org.eclipse.osgi.internal.loader.BundleLoader::findClass0@196 (line 502)
  0x00000228ab7332d0: 0cb2 1d07 

  0x00000228ab7332d4: ;   {other}
  0x00000228ab7332d4: 0f1f 8400 | cc20 0014 | 4c8b 8424 | 0001 0000 

  0x00000228ab7332e4: ;   {metadata(method data for {method} {0x00000228bd492c40} 'append' '(Ljava/lang/Object;)Ljava/lang/StringBuilder;' in 'java/lang/StringBuilder')}
  0x00000228ab7332e4: 48ba 606b | 0a81 2802 | 0000 4883 | 8228 0100 

  0x00000228ab7332f4: ;   {metadata(method data for {method} {0x00000228bd492be8} 'append' '(Ljava/lang/String;)Ljava/lang/StringBuilder;' in 'java/lang/StringBuilder')}
  0x00000228ab7332f4: 0001 49b8 | c04e 0181 | 2802 0000 | 418b 90cc | 0000 0083 | c202 4189 | 90cc 0000 | 0081 e2fe 
  0x00000228ab733314: ff1f 0085 | d20f 84c7 | 2900 004c | 8b84 2400 

  0x00000228ab733324: ;   {metadata(method data for {method} {0x00000228bd492be8} 'append' '(Ljava/lang/String;)Ljava/lang/StringBuilder;' in 'java/lang/StringBuilder')}
  0x00000228ab733324: 0100 0048 | bac0 4e01 | 8128 0200 | 0048 8382 | 1801 0000 | 014c 8bc0 | 488b 9424 | 0001 0000 
  0x00000228ab733344: ;   {optimized virtual_call}
  0x00000228ab733344: 6666 90e8 

  0x00000228ab733348: ; ImmutableOopMap {[160]=Oop [168]=Oop [208]=Oop [256]=Oop [264]=Oop [272]=Oop }
                      ;*invokespecial append {reexecute=0 rethrow=0 return_oop=0}
                      ; - java.lang.StringBuilder::append@2 (line 179)
                      ; - java.lang.StringBuilder::append@5 (line 173)
                      ; - org.eclipse.osgi.internal.loader.BundleLoader::findClass0@196 (line 502)
  0x00000228ab733348: 94b1 1d07 

  0x00000228ab73334c: ;   {other}
  0x00000228ab73334c: 0f1f 8400 | 4421 0015 | 488b 8424 | 0001 0000 

  0x00000228ab73335c: ;   {metadata(method data for {method} {0x000002288157fe10} 'findClass0' '(Ljava/lang/String;ZZ)Ljava/lang/Class;' in 'org/eclipse/osgi/internal/loader/BundleLoader')}
  0x00000228ab73335c: 49b8 5811 | 8a81 2802 | 0000 4983 | 8030 0500 

  0x00000228ab73336c: ;   {metadata(method data for {method} {0x00000228bd492be8} 'append' '(Ljava/lang/String;)Ljava/lang/StringBuilder;' in 'java/lang/StringBuilder')}
  0x00000228ab73336c: 0001 49b8 | c04e 0181 | 2802 0000 | 418b 90cc | 0000 0083 | c202 4189 | 90cc 0000 | 0081 e2fe 
  0x00000228ab73338c: ff1f 0085 | d20f 8470 | 2900 0048 | 8b84 2400 

  0x00000228ab73339c: ;   {metadata(method data for {method} {0x00000228bd492be8} 'append' '(Ljava/lang/String;)Ljava/lang/StringBuilder;' in 'java/lang/StringBuilder')}
  0x00000228ab73339c: 0100 0049 | b8c0 4e01 | 8128 0200 | 0049 8380 | 1801 0000 

  0x00000228ab7333b0: ;   {oop("] loading from import package: "{0x00000000d612e3d0})}
  0x00000228ab7333b0: 0149 b8d0 | e312 d600 | 0000 0048 | 8b94 2400 | 0100 000f 

  0x00000228ab7333c4: ;   {optimized virtual_call}
  0x00000228ab7333c4: 1f40 00e8 

  0x00000228ab7333c8: ; ImmutableOopMap {[160]=Oop [168]=Oop [208]=Oop [256]=Oop [264]=Oop [272]=Oop }
                      ;*invokespecial append {reexecute=0 rethrow=0 return_oop=0}
                      ; - java.lang.StringBuilder::append@2 (line 179)
                      ; - org.eclipse.osgi.internal.loader.BundleLoader::findClass0@202 (line 502)
  0x00000228ab7333c8: 14b1 1d07 

  0x00000228ab7333cc: ;   {other}
  0x00000228ab7333cc: 0f1f 8400 | c421 0016 | 488b 8424 | 0001 0000 

  0x00000228ab7333dc: ;   {metadata(method data for {method} {0x000002288157fe10} 'findClass0' '(Ljava/lang/String;ZZ)Ljava/lang/Class;' in 'org/eclipse/osgi/internal/loader/BundleLoader')}
  0x00000228ab7333dc: 48ba 5811 | 8a81 2802 | 0000 4883 | 8260 0500 

  0x00000228ab7333ec: ;   {metadata(method data for {method} {0x00000228bd492c40} 'append' '(Ljava/lang/Object;)Ljava/lang/StringBuilder;' in 'java/lang/StringBuilder')}
  0x00000228ab7333ec: 0001 48ba | 606b 0a81 | 2802 0000 | 8bb2 cc00 | 0000 83c6 | 0289 b2cc | 0000 0081 | e6fe ff1f 
  0x00000228ab73340c: 0085 f60f | 8413 2900 

  0x00000228ab733414: ;   {metadata(method data for {method} {0x00000228bd492c40} 'append' '(Ljava/lang/Object;)Ljava/lang/StringBuilder;' in 'java/lang/StringBuilder')}
  0x00000228ab733414: 0048 ba60 | 6b0a 8128 | 0200 0048 | 8382 1801 

  0x00000228ab733424: ;   {metadata(method data for {method} {0x00000228bd48d428} 'valueOf' '(Ljava/lang/Object;)Ljava/lang/String;' in 'java/lang/String')}
  0x00000228ab733424: 0000 0148 | ba00 6d0a | 8128 0200 | 008b b2cc | 0000 0083 | c602 89b2 | cc00 0000 | 81e6 feff 
  0x00000228ab733444: 1f00 85f6 | 0f84 fb28 | 0000 488b | 9c24 0801 | 0000 4885 

  0x00000228ab733458: ;   {metadata(method data for {method} {0x00000228bd48d428} 'valueOf' '(Ljava/lang/Object;)Ljava/lang/String;' in 'java/lang/String')}
  0x00000228ab733458: db48 ba00 | 6d0a 8128 | 0200 00be | 1801 0000 | 7505 be28 | 0100 0048 | 8b3c 3248 | 8d7f 0148 
  0x00000228ab733478: 893c 320f | 851f 0000 

  0x00000228ab733480: ;   {metadata(method data for {method} {0x00000228bd48d428} 'valueOf' '(Ljava/lang/Object;)Ljava/lang/String;' in 'java/lang/String')}
  0x00000228ab733480: 0048 ba00 | 6d0a 8128 | 0200 00ff | 8238 0100 

  0x00000228ab733490: ;   {oop("null"{0x0000000080000400})}
  0x00000228ab733490: 0048 be00 | 0400 8000 | 0000 00e9 | af00 0000 

  0x00000228ab7334a0: ; implicit exception: dispatches to 0x00000228ab735d6a
  0x00000228ab7334a0: 483b 0348 

  0x00000228ab7334a4: ;   {metadata(method data for {method} {0x00000228bd48d428} 'valueOf' '(Ljava/lang/Object;)Ljava/lang/String;' in 'java/lang/String')}
  0x00000228ab7334a4: 8bd3 48be | 006d 0a81 | 2802 0000 | 8b52 0849 | ba00 0000 | bd28 0200 | 0049 03d2 | 483b 9658 
  0x00000228ab7334c4: 0100 0075 | 0d48 8386 | 6001 0000 | 01e9 6000 | 0000 483b | 9668 0100 | 0075 0d48 | 8386 7001 
  0x00000228ab7334e4: 0000 01e9 | 4a00 0000 | 4883 be58 | 0100 0000 | 7517 4889 | 9658 0100 | 0048 c786 | 6001 0000 
  0x00000228ab733504: 0100 0000 | e929 0000 | 0048 83be | 6801 0000 | 0075 1748 | 8996 6801 | 0000 48c7 | 8670 0100 
  0x00000228ab733524: 0001 0000 | 00e9 0800 | 0000 4883 | 8650 0100 | 0001 488b | d366 0f1f 

  0x00000228ab73353c: ;   {optimized virtual_call}
  0x00000228ab73353c: 4400 00e8 

  0x00000228ab733540: ; ImmutableOopMap {[160]=Oop [168]=Oop [208]=Oop [256]=Oop [264]=Oop [272]=Oop }
                      ;*invokevirtual toString {reexecute=0 rethrow=0 return_oop=0}
                      ; - java.lang.String::valueOf@11 (line 4556)
                      ; - java.lang.StringBuilder::append@2 (line 173)
                      ; - org.eclipse.osgi.internal.loader.BundleLoader::findClass0@207 (line 502)
  0x00000228ab733540: 9caf 1d07 

  0x00000228ab733544: ;   {other}
  0x00000228ab733544: 0f1f 8400 | 3c23 0017 | 488b f048 | 8b84 2400 

  0x00000228ab733554: ;   {metadata(method data for {method} {0x00000228bd492c40} 'append' '(Ljava/lang/Object;)Ljava/lang/StringBuilder;' in 'java/lang/StringBuilder')}
  0x00000228ab733554: 0100 0049 | b860 6b0a | 8128 0200 | 0049 8380 | 2801 0000 

  0x00000228ab733568: ;   {metadata(method data for {method} {0x00000228bd492be8} 'append' '(Ljava/lang/String;)Ljava/lang/StringBuilder;' in 'java/lang/StringBuilder')}
  0x00000228ab733568: 0149 b8c0 | 4e01 8128 | 0200 0041 | 8b90 cc00 | 0000 83c2 | 0241 8990 | cc00 0000 | 81e2 feff 
  0x00000228ab733588: 1f00 85d2 | 0f84 dd27 | 0000 488b | 8424 0001 

  0x00000228ab733598: ;   {metadata(method data for {method} {0x00000228bd492be8} 'append' '(Ljava/lang/String;)Ljava/lang/StringBuilder;' in 'java/lang/StringBuilder')}
  0x00000228ab733598: 0000 49b8 | c04e 0181 | 2802 0000 | 4983 8018 | 0100 0001 | 4c8b c648 | 8b94 2400 

  0x00000228ab7335b4: ;   {optimized virtual_call}
  0x00000228ab7335b4: 0100 00e8 

  0x00000228ab7335b8: ; ImmutableOopMap {[160]=Oop [168]=Oop [208]=Oop [256]=Oop [264]=Oop [272]=Oop }
                      ;*invokespecial append {reexecute=0 rethrow=0 return_oop=0}
                      ; - java.lang.StringBuilder::append@2 (line 179)
                      ; - java.lang.StringBuilder::append@5 (line 173)
                      ; - org.eclipse.osgi.internal.loader.BundleLoader::findClass0@207 (line 502)
  0x00000228ab7335b8: 24af 1d07 

  0x00000228ab7335bc: ;   {other}
  0x00000228ab7335bc: 0f1f 8400 | b423 0018 | 4c8b 8424 | 0001 0000 

  0x00000228ab7335cc: ;   {metadata(method data for {method} {0x000002288157fe10} 'findClass0' '(Ljava/lang/String;ZZ)Ljava/lang/Class;' in 'org/eclipse/osgi/internal/loader/BundleLoader')}
  0x00000228ab7335cc: 498b c048 | ba58 118a | 8128 0200 | 0048 8382 | 9005 0000 

  0x00000228ab7335e0: ;   {metadata(method data for {method} {0x00000228bd16af10} 'toString' '()Ljava/lang/String;' in 'java/lang/StringBuilder')}
  0x00000228ab7335e0: 0148 ba68 | 5601 8128 | 0200 008b | b2cc 0000 | 0083 c602 | 89b2 cc00 | 0000 81e6 | feff 1f00 
  0x00000228ab733600: 85f6 0f84 | 8827 0000 

  0x00000228ab733608: ;   {metadata(method data for {method} {0x00000228bd16af10} 'toString' '()Ljava/lang/String;' in 'java/lang/StringBuilder')}
  0x00000228ab733608: 498b c048 | ba68 5601 | 8128 0200 | 0048 8382 | 1801 0000 

  0x00000228ab73361c: ;   {metadata(method data for {method} {0x00000228bd16af68} 'length' '()I' in 'java/lang/StringBuilder')}
  0x00000228ab73361c: 0148 ba20 | 5801 8128 | 0200 008b | b2cc 0000 | 0083 c602 | 89b2 cc00 | 0000 81e6 | feff 1f00 
  0x00000228ab73363c: 85f6 0f84 | 6d27 0000 

  0x00000228ab733644: ;   {metadata(method data for {method} {0x00000228bd16af68} 'length' '()I' in 'java/lang/StringBuilder')}
  0x00000228ab733644: 498b c048 | ba20 5801 | 8128 0200 | 0048 8382 | 1801 0000 | 0141 8b50 

  0x00000228ab73365c: ;   {metadata(method data for {method} {0x00000228bd16af10} 'toString' '()Ljava/lang/String;' in 'java/lang/StringBuilder')}
  0x00000228ab73365c: 0c85 d248 | ba68 5601 | 8128 0200 | 00be 4801 | 0000 7505 | be58 0100 | 0048 8b3c | 3248 8d7f 
  0x00000228ab73367c: 0148 893c | 320f 850f 

  0x00000228ab733684: ;   {oop(""{0x0000000080000168})}
  0x00000228ab733684: 0000 0048 | be68 0100 | 8000 0000 | 00e9 9600 

  0x00000228ab733694: ;   {metadata('java/lang/String')}
  0x00000228ab733694: 0000 48ba | d80d 17bd | 2802 0000 | 498b 87b8 | 0100 0048 | 8d78 1849 | 3bbf c801 | 0000 0f87 
  0x00000228ab7336b4: 1a27 0000 | 4989 bfb8 | 0100 0048 | c700 0100 | 0000 488b | ca49 ba00 | 0000 bd28 | 0200 0049 
  0x00000228ab7336d4: 2bca 8948 | 0848 33c9 | 8948 0c48 | 33c9 4889 | 4810 4c8b 

  0x00000228ab7336e8: ;   {metadata(method data for {method} {0x00000228bd16af10} 'toString' '()Ljava/lang/String;' in 'java/lang/StringBuilder')}
  0x00000228ab7336e8: c848 ba68 | 5601 8128 | 0200 0048 | 8382 6801 

  0x00000228ab7336f8: ;   {oop(nullptr)}
  0x00000228ab7336f8: 0000 0149 | b900 0000 | 0000 0000 | 0048 8bd0 | 4889 8424 | 1801 0000 | 0f1f 8000 

  0x00000228ab733714: ;   {optimized virtual_call}
  0x00000228ab733714: 0000 00e8 

  0x00000228ab733718: ; ImmutableOopMap {[160]=Oop [168]=Oop [208]=Oop [264]=Oop [272]=Oop [280]=Oop }
                      ;*invokespecial <init> {reexecute=0 rethrow=0 return_oop=0}
                      ; - java.lang.StringBuilder::toString@16 (line 478)
                      ; - org.eclipse.osgi.internal.loader.BundleLoader::findClass0@210 (line 502)
  0x00000228ab733718: c4ad 1d07 

  0x00000228ab73371c: ;   {other}
  0x00000228ab73371c: 0f1f 8400 | 1425 0019 | 488b b424 | 1801 0000 | 4c8b 9c24 | 1001 0000 

  0x00000228ab733734: ; implicit exception: dispatches to 0x00000228ab735ddf
  0x00000228ab733734: 493b 034d 

  0x00000228ab733738: ;   {metadata(method data for {method} {0x000002288157fe10} 'findClass0' '(Ljava/lang/String;ZZ)Ljava/lang/Class;' in 'org/eclipse/osgi/internal/loader/BundleLoader')}
  0x00000228ab733738: 8bc3 49b9 | 5811 8a81 | 2802 0000 

  0x00000228ab733744: ;   {metadata('org/eclipse/osgi/internal/debug/Debug')}
  0x00000228ab733744: 49ba 0004 | 09be 2802 | 0000 4d89 | 91c8 0500 | 0049 8381 | d005 0000 

  0x00000228ab73375c: ;   {metadata(method data for {method} {0x00000228814de3e8} 'trace' '(Ljava/lang/String;Ljava/lang/String;)V' in 'org/eclipse/osgi/internal/debug/Debug')}
  0x00000228ab73375c: 0149 b800 | 0087 8128 | 0200 0045 | 8b88 cc00 | 0000 4183 | c102 4589 | 88cc 0000 | 0041 81e1 
  0x00000228ab73377c: feff 1f00 | 4585 c90f | 845b 2600 | 0041 8b53 | 2448 85d2 

  0x00000228ab733790: ;   {metadata(method data for {method} {0x00000228814de3e8} 'trace' '(Ljava/lang/String;Ljava/lang/String;)V' in 'org/eclipse/osgi/internal/debug/Debug')}
  0x00000228ab733790: 49b8 0000 | 8781 2802 | 0000 41b9 | 1801 0000 | 7406 41b9 | 2801 0000 | 4b8b 3c08 | 488d 7f01 
  0x00000228ab7337b0: 4b89 3c08 | 0f84 e002 | 0000 4889 | b424 2001 | 0000 4885 | d20f 8429 

  0x00000228ab7337c8: ;   {metadata('org/eclipse/osgi/internal/log/ExtendedLogServiceImpl')}
  0x00000228ab7337c8: 0000 0048 | bbc0 5009 | be28 0200 | 008b 7a08 | 49ba 0000 | 00bd 2802 | 0000 4903 | fa48 3b5f 
  0x00000228ab7337e8: 380f 8516 | 2600 00e9 | 0000 0000 | 4c8b c248 | 3b02 4c8b 

  0x00000228ab7337fc: ;   {metadata(method data for {method} {0x00000228814de3e8} 'trace' '(Ljava/lang/String;Ljava/lang/String;)V' in 'org/eclipse/osgi/internal/debug/Debug')}
  0x00000228ab7337fc: c249 b900 | 0087 8128 

  0x00000228ab733804: ;   {metadata('org/eclipse/osgi/internal/log/ExtendedLogServiceImpl')}
  0x00000228ab733804: 0200 0049 | bac0 5009 | be28 0200 | 004d 8991 | 4001 0000 | 4983 8148 | 0100 0001 

  0x00000228ab733820: ;   {metadata(method data for {method} {0x00000228815047e0} 'getLogger' '(Ljava/lang/String;)Lorg/osgi/service/log/Logger;' in 'org/eclipse/osgi/internal/log/ExtendedLogServiceImpl')}
  0x00000228ab733820: 49b8 3002 | 8781 2802 | 0000 458b | 88cc 0000 | 0041 83c1 | 0245 8988 | cc00 0000 | 4181 e1fe 
  0x00000228ab733840: ff1f 0045 | 85c9 0f84 | c325 0000 

  0x00000228ab73384c: ;   {metadata(method data for {method} {0x00000228815047e0} 'getLogger' '(Ljava/lang/String;)Lorg/osgi/service/log/Logger;' in 'org/eclipse/osgi/internal/log/ExtendedLogServiceImpl')}
  0x00000228ab73384c: 4c8b c249 | b930 0287 | 8128 0200 

  0x00000228ab733858: ;   {metadata('org/eclipse/osgi/internal/log/ExtendedLogServiceImpl')}
  0x00000228ab733858: 0049 bac0 | 5009 be28 | 0200 004d | 8991 2001 | 0000 4983 | 8128 0100 

  0x00000228ab733870: ;   {metadata(method data for {method} {0x0000022881502068} 'getLogger' '(Ljava/lang/String;)Lorg/eclipse/equinox/log/Logger;' in 'org/eclipse/osgi/internal/log/ExtendedLogServiceImpl')}
  0x00000228ab733870: 0001 49b8 | c003 8781 | 2802 0000 | 458b 88cc | 0000 0041 | 83c1 0245 | 8988 cc00 | 0000 4181 
  0x00000228ab733890: e1fe ff1f | 0045 85c9 | 0f84 9225 | 0000 4c8b 

  0x00000228ab7338a0: ;   {metadata(method data for {method} {0x0000022881502068} 'getLogger' '(Ljava/lang/String;)Lorg/eclipse/equinox/log/Logger;' in 'org/eclipse/osgi/internal/log/ExtendedLogServiceImpl')}
  0x00000228ab7338a0: c249 b9c0 | 0387 8128 

  0x00000228ab7338a8: ;   {metadata('org/eclipse/osgi/internal/log/ExtendedLogServiceImpl')}
  0x00000228ab7338a8: 0200 0049 | bac0 5009 | be28 0200 | 004d 8991 | 2001 0000 | 4983 8128 | 0100 0001 | 4c8b 8424 
  0x00000228ab7338c8: d000 0000 

  0x00000228ab7338cc: ;   {oop(a 'java/lang/Class'{0x00000000d72ad318} = 'org/osgi/service/log/Logger')}
  0x00000228ab7338cc: 49b9 18d3 | 2ad7 0000 

  0x00000228ab7338d4: ;   {optimized virtual_call}
  0x00000228ab7338d4: 0000 90e8 

  0x00000228ab7338d8: ; ImmutableOopMap {[160]=Oop [168]=Oop [208]=Oop [264]=Oop [288]=Oop }
                      ;*invokevirtual getLogger {reexecute=0 rethrow=0 return_oop=0}
                      ; - org.eclipse.osgi.internal.log.ExtendedLogServiceImpl::getLogger@4 (line 73)
                      ; - org.eclipse.osgi.internal.log.ExtendedLogServiceImpl::getLogger@2 (line 1)
                      ; - org.eclipse.osgi.internal.debug.Debug::trace@11 (line 265)
                      ; - org.eclipse.osgi.internal.loader.BundleLoader::findClass0@213 (line 502)
  0x00000228ab7338d8: 04ac 1d07 

  0x00000228ab7338dc: ;   {other}
  0x00000228ab7338dc: 0f1f 8400 | d426 001a 

  0x00000228ab7338e4: ;   {metadata(method data for {method} {0x0000022881502068} 'getLogger' '(Ljava/lang/String;)Lorg/eclipse/equinox/log/Logger;' in 'org/eclipse/osgi/internal/log/ExtendedLogServiceImpl')}
  0x00000228ab7338e4: 4885 c048 | bec0 0387 | 8128 0200 | 0075 0c80 | 8e41 0100 | 0001 e9c9 | 0000 008b | 7808 49ba 
  0x00000228ab733904: 0000 00bd | 2802 0000 | 4903 fa48 | 3bbe 5001 | 0000 750d | 4883 8658 | 0100 0001 | e960 0000 
  0x00000228ab733924: 0048 3bbe | 6001 0000 | 750d 4883 | 8668 0100 | 0001 e94a | 0000 0048 | 83be 5001 | 0000 0075 
  0x00000228ab733944: 1748 89be | 5001 0000 | 48c7 8658 | 0100 0001 | 0000 00e9 | 2900 0000 | 4883 be60 | 0100 0000 
  0x00000228ab733964: 7517 4889 | be60 0100 | 0048 c786 | 6801 0000 | 0100 0000 | e908 0000 | 0048 8386 | 4801 0000 
  0x00000228ab733984: ;   {metadata('org/eclipse/equinox/log/Logger')}
  0x00000228ab733984: 0148 bf78 | 2409 be28 | 0200 008b | 7008 49ba | 0000 00bd | 2802 0000 | 4903 f248 | 3b7e 200f 
  0x00000228ab7339a4: 841f 0000 | 0048 3bf7 | 0f84 1600 | 0000 5657 

  0x00000228ab7339b4: ;   {runtime_call slow_subtype_check Runtime1 stub}
  0x00000228ab7339b4: e807 e428 | 075e 5e85 | f60f 848e | 2400 00e9 | 0000 0000 | 488b d048 | 3b02 4c8b 

  0x00000228ab7339d0: ;   {metadata(method data for {method} {0x00000228814de3e8} 'trace' '(Ljava/lang/String;Ljava/lang/String;)V' in 'org/eclipse/osgi/internal/debug/Debug')}
  0x00000228ab7339d0: c248 be00 | 0087 8128 | 0200 0045 | 8b40 0849 | ba00 0000 | bd28 0200 | 004d 03c2 | 4c3b 8670 
  0x00000228ab7339f0: 0100 0075 | 0d48 8386 | 7801 0000 | 01e9 6000 | 0000 4c3b | 8680 0100 | 0075 0d48 | 8386 8801 
  0x00000228ab733a10: 0000 01e9 | 4a00 0000 | 4883 be70 | 0100 0000 | 7517 4c89 | 8670 0100 | 0048 c786 | 7801 0000 
  0x00000228ab733a30: 0100 0000 | e929 0000 | 0048 83be | 8001 0000 | 0075 174c | 8986 8001 | 0000 48c7 | 8688 0100 
  0x00000228ab733a50: 0001 0000 | 00e9 0800 | 0000 4883 | 8668 0100 | 0001 4c8b | 8424 2001 | 0000 6666 | 9048 b8e0 
  0x00000228ab733a70: ef54 8528 

  0x00000228ab733a74: ;   {virtual_call}
  0x00000228ab733a74: 0200 00e8 

  0x00000228ab733a78: ; ImmutableOopMap {[160]=Oop [168]=Oop [208]=Oop [264]=Oop }
                      ;*invokeinterface debug {reexecute=0 rethrow=0 return_oop=0}
                      ; - org.eclipse.osgi.internal.debug.Debug::trace@17 (line 265)
                      ; - org.eclipse.osgi.internal.loader.BundleLoader::findClass0@213 (line 502)
  0x00000228ab733a78: 64ad 1d07 

  0x00000228ab733a7c: ;   {other}
  0x00000228ab733a7c: 0f1f 8400 | 7428 001b 

  0x00000228ab733a84: ;   {metadata(method data for {method} {0x00000228814de3e8} 'trace' '(Ljava/lang/String;Ljava/lang/String;)V' in 'org/eclipse/osgi/internal/debug/Debug')}
  0x00000228ab733a84: 49b8 0000 | 8781 2802 | 0000 41ff | 8098 0100 | 00e9 4a00 

  0x00000228ab733a98: ;   {oop(a 'java/lang/Class'{0x00000000d72ac9e8} = 'org/eclipse/osgi/internal/debug/Debug')}
  0x00000228ab733a98: 0000 49b8 | e8c9 2ad7 | 0000 0000 | 418b 90d0 | 0000 0048 | 3b02 4c8b 

  0x00000228ab733ab0: ;   {metadata(method data for {method} {0x00000228814de3e8} 'trace' '(Ljava/lang/String;Ljava/lang/String;)V' in 'org/eclipse/osgi/internal/debug/Debug')}
  0x00000228ab733ab0: c248 bf00 | 0087 8128 

  0x00000228ab733ab8: ;   {metadata('java/io/PrintStream')}
  0x00000228ab733ab8: 0200 0049 | ba78 c916 | bd28 0200 | 004c 8997 | b801 0000 | 4883 87c0 | 0100 0001 

  0x00000228ab733ad4: ;   {optimized virtual_call}
  0x00000228ab733ad4: 4c8b c6e8 

  0x00000228ab733ad8: ; ImmutableOopMap {[160]=Oop [168]=Oop [208]=Oop [264]=Oop }
                      ;*invokevirtual println {reexecute=0 rethrow=0 return_oop=0}
                      ; - org.eclipse.osgi.internal.debug.Debug::trace@29 (line 267)
                      ; - org.eclipse.osgi.internal.loader.BundleLoader::findClass0@213 (line 502)
  0x00000228ab733ad8: 04aa 1d07 

  0x00000228ab733adc: ;   {other}
  0x00000228ab733adc: 0f1f 8400 | d428 001c | 488b 9c24 | 0801 0000 

  0x00000228ab733aec: ; implicit exception: dispatches to 0x00000228ab735e64
  0x00000228ab733aec: 483b 034c 

  0x00000228ab733af0: ;   {metadata(method data for {method} {0x000002288157fe10} 'findClass0' '(Ljava/lang/String;ZZ)Ljava/lang/Class;' in 'org/eclipse/osgi/internal/loader/BundleLoader')}
  0x00000228ab733af0: 8bc3 48ba | 5811 8a81 | 2802 0000 | 458b 4008 | 49ba 0000 | 00bd 2802 | 0000 4d03 | c24c 3b82 
  0x00000228ab733b10: f805 0000 | 750d 4883 | 8200 0600 | 0001 e960 | 0000 004c | 3b82 0806 | 0000 750d | 4883 8210 
  0x00000228ab733b30: 0600 0001 | e94a 0000 | 0048 83ba | f805 0000 | 0075 174c | 8982 f805 | 0000 48c7 | 8200 0600 
  0x00000228ab733b50: 0001 0000 | 00e9 2900 | 0000 4883 | ba08 0600 | 0000 7517 | 4c89 8208 | 0600 0048 | c782 1006 
  0x00000228ab733b70: 0000 0100 | 0000 e908 | 0000 0048 | 8382 f005 | 0000 014c | 8b84 24a0 | 0000 0048 | 8bd3 0f1f 
  0x00000228ab733b90: 8000 0000 | 0048 b808 | f054 8528 

  0x00000228ab733b9c: ;   {virtual_call}
  0x00000228ab733b9c: 0200 00e8 

  0x00000228ab733ba0: ; ImmutableOopMap {[160]=Oop [168]=Oop [208]=Oop }
                      ;*invokevirtual loadClass {reexecute=0 rethrow=0 return_oop=0}
                      ; - org.eclipse.osgi.internal.loader.BundleLoader::findClass0@219 (line 505)
  0x00000228ab733ba0: f1fb 1d07 

  0x00000228ab733ba4: ;   {other}
  0x00000228ab733ba4: 0f1f 8400 | 9c29 001d 

  0x00000228ab733bac: ;   {metadata(method data for {method} {0x000002288157fe10} 'findClass0' '(Ljava/lang/String;ZZ)Ljava/lang/Class;' in 'org/eclipse/osgi/internal/loader/BundleLoader')}
  0x00000228ab733bac: 4885 c048 | ba58 118a | 8128 0200 | 00be 2006 | 0000 7505 | be30 0600 | 0048 8b3c | 3248 8d7f 
  0x00000228ab733bcc: 0148 893c | 320f 852d | 0400 0048 | 8b94 24a8 

  0x00000228ab733bdc: ;   {metadata(method data for {method} {0x000002288157fe10} 'findClass0' '(Ljava/lang/String;ZZ)Ljava/lang/Class;' in 'org/eclipse/osgi/internal/loader/BundleLoader')}
  0x00000228ab733bdc: 0000 0048 | be58 118a | 8128 0200 | 008b 5208 | 49ba 0000 | 00bd 2802 | 0000 4903 | d248 3b96 
  0x00000228ab733bfc: 4806 0000 | 750d 4883 | 8650 0600 | 0001 e960 | 0000 0048 | 3b96 5806 | 0000 750d | 4883 8660 
  0x00000228ab733c1c: 0600 0001 | e94a 0000 | 0048 83be | 4806 0000 | 0075 1748 | 8996 4806 | 0000 48c7 | 8650 0600 
  0x00000228ab733c3c: 0001 0000 | 00e9 2900 | 0000 4883 | be58 0600 | 0000 7517 | 4889 9658 | 0600 0048 | c786 6006 
  0x00000228ab733c5c: 0000 0100 | 0000 e908 | 0000 0048 | 8386 4006 | 0000 0148 | 8b94 24a8 | 0000 0066 | 0f1f 4400 
  0x00000228ab733c7c: 0048 b830 | f054 8528 

  0x00000228ab733c84: ;   {virtual_call}
  0x00000228ab733c84: 0200 00e8 

  0x00000228ab733c88: ; ImmutableOopMap {[160]=Oop [168]=Oop [208]=Oop }
                      ;*invokevirtual getModuleClassLoader {reexecute=0 rethrow=0 return_oop=0}
                      ; - org.eclipse.osgi.internal.loader.BundleLoader::findClass0@230 (line 509)
  0x00000228ab733c88: 54ab 1d07 

  0x00000228ab733c8c: ;   {other}
  0x00000228ab733c8c: 0f1f 8400 | 842a 001e 

  0x00000228ab733c94: ; implicit exception: dispatches to 0x00000228ab735e69
  0x00000228ab733c94: 483b 004c 

  0x00000228ab733c98: ;   {metadata(method data for {method} {0x000002288157fe10} 'findClass0' '(Ljava/lang/String;ZZ)Ljava/lang/Class;' in 'org/eclipse/osgi/internal/loader/BundleLoader')}
  0x00000228ab733c98: 8bc0 48ba | 5811 8a81 | 2802 0000 | 458b 4008 | 49ba 0000 | 00bd 2802 | 0000 4d03 | c24c 3b82 
  0x00000228ab733cb8: 7806 0000 | 750d 4883 | 8280 0600 | 0001 e960 | 0000 004c | 3b82 8806 | 0000 750d | 4883 8290 
  0x00000228ab733cd8: 0600 0001 | e94a 0000 | 0048 83ba | 7806 0000 | 0075 174c | 8982 7806 | 0000 48c7 | 8280 0600 
  0x00000228ab733cf8: 0001 0000 | 00e9 2900 | 0000 4883 | ba88 0600 | 0000 7517 | 4c89 8288 | 0600 0048 | c782 9006 
  0x00000228ab733d18: 0000 0100 | 0000 e908 | 0000 0048 | 8382 7006 

  0x00000228ab733d28: ;   {metadata(method data for {method} {0x00000228815d3230} 'publicFindLoaded' '(Ljava/lang/String;)Ljava/lang/Class;' in 'org/eclipse/osgi/internal/loader/ModuleClassLoader')}
  0x00000228ab733d28: 0000 0149 | b860 338a | 8128 0200 | 0041 8b90 | cc00 0000 | 83c2 0241 | 8990 cc00 | 0000 81e2 
  0x00000228ab733d48: feff 1f00 | 85d2 0f84 | 1a21 0000 

  0x00000228ab733d54: ;   {metadata(method data for {method} {0x00000228815d3230} 'publicFindLoaded' '(Ljava/lang/String;)Ljava/lang/Class;' in 'org/eclipse/osgi/internal/loader/ModuleClassLoader')}
  0x00000228ab733d54: 4c8b c048 | ba60 338a | 8128 0200 | 0045 8b40 | 0849 ba00 | 0000 bd28 | 0200 004d | 03c2 4c3b 
  0x00000228ab733d74: 8220 0100 | 0075 0d48 | 8382 2801 | 0000 01e9 | 6000 0000 | 4c3b 8230 | 0100 0075 | 0d48 8382 
  0x00000228ab733d94: 3801 0000 | 01e9 4a00 | 0000 4883 | ba20 0100 | 0000 7517 | 4c89 8220 | 0100 0048 | c782 2801 
  0x00000228ab733db4: 0000 0100 | 0000 e929 | 0000 0048 | 83ba 3001 | 0000 0075 | 174c 8982 | 3001 0000 | 48c7 8238 
  0x00000228ab733dd4: 0100 0001 | 0000 00e9 | 0800 0000 | 4883 8218 | 0100 0001 

  0x00000228ab733de8: ;   {metadata(method data for {method} {0x00000228815d3f68} 'getClassLoadingLock' '(Ljava/lang/String;)Ljava/lang/Object;' in 'org/eclipse/osgi/internal/loader/ModuleClassLoader')}
  0x00000228ab733de8: 49b8 3035 | 8a81 2802 | 0000 418b | 90cc 0000 | 0083 c202 | 4189 90cc | 0000 0081 | e2fe ff1f 
  0x00000228ab733e08: 0085 d20f | 847e 2000 | 008b 5050 

  0x00000228ab733e14: ; implicit exception: dispatches to 0x00000228ab735eb0
  0x00000228ab733e14: 483b 024c 

  0x00000228ab733e18: ;   {metadata(method data for {method} {0x00000228815d3f68} 'getClassLoadingLock' '(Ljava/lang/String;)Ljava/lang/Object;' in 'org/eclipse/osgi/internal/loader/ModuleClassLoader')}
  0x00000228ab733e18: 8bc2 48be | 3035 8a81 | 2802 0000 | 4883 8618 | 0100 0001 | 4c8b 8424 | a000 0000 | 4889 8424 
  0x00000228ab733e38: 2801 0000 

  0x00000228ab733e3c: ;   {optimized virtual_call}
  0x00000228ab733e3c: 6666 90e8 

  0x00000228ab733e40: ; ImmutableOopMap {[160]=Oop [168]=Oop [208]=Oop [296]=Oop }
                      ;*invokevirtual getLock {reexecute=0 rethrow=0 return_oop=0}
                      ; - org.eclipse.osgi.internal.loader.ModuleClassLoader::getClassLoadingLock@5 (line 437)
                      ; - org.eclipse.osgi.internal.loader.ModuleClassLoader::publicFindLoaded@2 (line 323)
                      ; - org.eclipse.osgi.internal.loader.BundleLoader::findClass0@234 (line 509)
  0x00000228ab733e40: 9ca6 1d07 

  0x00000228ab733e44: ;   {other}
  0x00000228ab733e44: 0f1f 8400 | 3c2c 001f | 4889 8424 | 3001 0000 | 488d 9424 | 6801 0000 | 488b f048 | 8972 0848 
  0x00000228ab733e64: 8b06 418b | bf18 0600 | 0081 ff68 | 0600 000f | 8d41 2000 | 0049 3b74 | 3ff8 0f84 | 2500 0000 
  0x00000228ab733e84: a802 0f85 | 2e20 0000 | 488b f848 | 83e7 fe48 | 83c8 01f0 | 480f b13e | 0f85 1820 | 0000 418b 
  0x00000228ab733ea4: bf18 0600 | 0049 8934 | 3f83 c708 | 4189 bf18 | 0600 0049 | ff87 5005 | 0000 488b | 9424 2801 
  0x00000228ab733ec4: ;   {metadata(method data for {method} {0x00000228815d3230} 'publicFindLoaded' '(Ljava/lang/String;)Ljava/lang/Class;' in 'org/eclipse/osgi/internal/loader/ModuleClassLoader')}
  0x00000228ab733ec4: 0000 48be | 6033 8a81 | 2802 0000 | 4883 8648 | 0100 0001 

  0x00000228ab733ed8: ;   {metadata(method data for {method} {0x00000228bd478ff8} 'findLoadedClass' '(Ljava/lang/String;)Ljava/lang/Class;' in 'java/lang/ClassLoader')}
  0x00000228ab733ed8: 48ba 282f | 2681 2802 | 0000 8bb2 | cc00 0000 | 83c6 0289 | b2cc 0000 | 0081 e6fe | ff1f 0085 
  0x00000228ab733ef8: f60f 84ce 

  0x00000228ab733efc: ;   {metadata(method data for {method} {0x00000228bd478ff8} 'findLoadedClass' '(Ljava/lang/String;)Ljava/lang/Class;' in 'java/lang/ClassLoader')}
  0x00000228ab733efc: 1f00 0048 | ba28 2f26 | 8128 0200 | 0048 8382 | 1801 0000 | 0148 8b94 | 24a0 0000 | 0066 0f1f 
  0x00000228ab733f1c: ;   {static_call}
  0x00000228ab733f1c: 4400 00e8 

  0x00000228ab733f20: ; ImmutableOopMap {[160]=Oop [168]=Oop [208]=Oop [296]=Oop [304]=Oop [368]=Oop }
                      ;*invokestatic checkName {reexecute=0 rethrow=0 return_oop=0}
                      ; - java.lang.ClassLoader::findLoadedClass@1 (line 1296)
                      ; - org.eclipse.osgi.internal.loader.ModuleClassLoader::publicFindLoaded@10 (line 324)
                      ; - org.eclipse.osgi.internal.loader.BundleLoader::findClass0@234 (line 509)
  0x00000228ab733f20: bcab 1d07 

  0x00000228ab733f24: ;   {other}
  0x00000228ab733f24: 0f1f 8400 | 1c2d 0020 

  0x00000228ab733f2c: ;   {metadata(method data for {method} {0x00000228bd478ff8} 'findLoadedClass' '(Ljava/lang/String;)Ljava/lang/Class;' in 'java/lang/ClassLoader')}
  0x00000228ab733f2c: 85c0 49b8 | 282f 2681 | 2802 0000 | ba28 0100 | 0075 05ba | 3801 0000 | 498b 3410 | 488d 7601 
  0x00000228ab733f4c: 4989 3410 | 0f85 0f00 

  0x00000228ab733f54: ;   {oop(nullptr)}
  0x00000228ab733f54: 0000 48be | 0000 0000 | 0000 0000 | e93a 0000 | 0048 8b84 | 2428 0100 | 004c 8bc0 

  0x00000228ab733f70: ;   {metadata(method data for {method} {0x00000228bd478ff8} 'findLoadedClass' '(Ljava/lang/String;)Ljava/lang/Class;' in 'java/lang/ClassLoader')}
  0x00000228ab733f70: 48ba 282f | 2681 2802 | 0000 4883 | 8248 0100 | 0001 4c8b | 8424 a000 | 0000 488b 

  0x00000228ab733f8c: ;   {optimized virtual_call}
  0x00000228ab733f8c: d066 90e8 

  0x00000228ab733f90: ; ImmutableOopMap {[160]=Oop [168]=Oop [208]=Oop [304]=Oop [368]=Oop }
                      ;*invokevirtual findLoadedClass0 {reexecute=0 rethrow=0 return_oop=0}
                      ; - java.lang.ClassLoader::findLoadedClass@11 (line 1298)
                      ; - org.eclipse.osgi.internal.loader.ModuleClassLoader::publicFindLoaded@10 (line 324)
                      ; - org.eclipse.osgi.internal.loader.BundleLoader::findClass0@234 (line 509)
  0x00000228ab733f90: 4ca5 1d07 

  0x00000228ab733f94: ;   {other}
  0x00000228ab733f94: 0f1f 8400 | 8c2d 0021 | 488b f048 | 8d84 2468 | 0100 004c | 8b48 0845 | 8b87 1806 | 0000 4f3b 
  0x00000228ab733fb4: 4c07 f80f | 8531 1f00 | 0041 83af | 1806 0000 | 084f 3b4c | 07f0 0f84 | 2a00 0000 | 498b 01a8 
  0x00000228ab733fd4: 020f 8512 | 0000 004c | 8bc0 4983 | c801 f04d | 0fb1 010f | 840d 0000 | 0041 8387 | 1806 0000 
  0x00000228ab733ff4: 08e9 f41e | 0000 49ff | 8f50 0500 | 0048 8bc6 

  0x00000228ab734004: ;   {metadata(method data for {method} {0x000002288157fe10} 'findClass0' '(Ljava/lang/String;ZZ)Ljava/lang/Class;' in 'org/eclipse/osgi/internal/loader/BundleLoader')}
  0x00000228ab734004: 4885 c049 | b858 118a | 8128 0200 | 0041 b9a0 | 0600 0074 | 0641 b9b0 | 0600 004b | 8b14 0848 
  0x00000228ab734024: 8d52 014b | 8914 080f | 84f0 1400 | 0048 81c4 | 8001 0000 

  0x00000228ab734038: ;   {poll_return}
  0x00000228ab734038: 5d49 3ba7 | 4804 0000 | 0f87 be1e | 0000 c348 | 8b94 24a8 

  0x00000228ab73404c: ;   {metadata(method data for {method} {0x000002288157fe10} 'findClass0' '(Ljava/lang/String;ZZ)Ljava/lang/Class;' in 'org/eclipse/osgi/internal/loader/BundleLoader')}
  0x00000228ab73404c: 0000 0049 | b858 118a | 8128 0200 | 0049 8380 | d006 0000 | 014c 8b84 | 24b8 0000 

  0x00000228ab734068: ;   {oop(nullptr)}
  0x00000228ab734068: 0049 b900 | 0000 0000 | 0000 0048 | 8b94 24a8 | 0000 000f 

  0x00000228ab73407c: ;   {optimized virtual_call}
  0x00000228ab73407c: 1f40 00e8 

  0x00000228ab734080: ; ImmutableOopMap {[160]=Oop [168]=Oop [184]=Oop [208]=Oop [240]=Oop }
                      ;*invokespecial findRequiredSource {reexecute=0 rethrow=0 return_oop=0}
                      ; - org.eclipse.osgi.internal.loader.BundleLoader::findClass0@260 (line 516)
  0x00000228ab734080: 3c4a 0100 

  0x00000228ab734084: ;   {other}
  0x00000228ab734084: 0f1f 8400 | 7c2e 0022 | 4889 8424 | 4001 0000 

  0x00000228ab734094: ;   {metadata(method data for {method} {0x000002288157fe10} 'findClass0' '(Ljava/lang/String;ZZ)Ljava/lang/Class;' in 'org/eclipse/osgi/internal/loader/BundleLoader')}
  0x00000228ab734094: 4885 c048 | ba58 118a | 8128 0200 | 00be f006 | 0000 7505 | bee0 0600 | 0048 8b3c | 3248 8d7f 
  0x00000228ab7340b4: 0148 893c | 320f 850d | 0000 0048 | 8bb4 24f0 | 0000 00e9 | 2b0b 0000 | 488b 9c24 | d000 0000 
  0x00000228ab7340d4: ;   {metadata(method data for {method} {0x000002288157fe10} 'findClass0' '(Ljava/lang/String;ZZ)Ljava/lang/Class;' in 'org/eclipse/osgi/internal/loader/BundleLoader')}
  0x00000228ab7340d4: 4885 db48 | ba58 118a | 8128 0200 | 00be 0007 | 0000 7405 | be10 0700 | 0048 8b3c | 3248 8d7f 
  0x00000228ab7340f4: 0148 893c | 3248 899c | 24d0 0000 | 000f 842d | 0a00 0048 | 8b94 24a8 | 0000 0044 | 8b4a 180f 
  0x00000228ab734114: 1f44 0000 

  0x00000228ab734118: ;   {no_reloc}
  0x00000228ab734118: e90c 1e00 | 0000 0000 | 0000 498b | 87b8 0100 | 0048 8d78 | 1849 3bbf | c801 0000 | 0f87 f91d 
  0x00000228ab734138: 0000 4989 | bfb8 0100 | 0048 c700 | 0100 0000 | 488b ca49 | ba00 0000 | bd28 0200 | 0049 2bca 
  0x00000228ab734158: 8948 0848 | 33c9 8948 | 0c48 33c9 | 4889 4810 

  0x00000228ab734168: ;   {metadata(method data for {method} {0x000002288157fe10} 'findClass0' '(Ljava/lang/String;ZZ)Ljava/lang/Class;' in 'org/eclipse/osgi/internal/loader/BundleLoader')}
  0x00000228ab734168: 4c8b c048 | ba58 118a | 8128 0200 | 0048 8382 | 2007 0000 

  0x00000228ab73417c: ;   {metadata(method data for {method} {0x00000228bd492ea8} '<init>' '(Ljava/lang/String;)V' in 'java/lang/StringBuilder')}
  0x00000228ab73417c: 0149 b840 | af36 8128 | 0200 0041 | 8b90 cc00 | 0000 83c2 | 0241 8990 | cc00 0000 | 81e2 feff 
  0x00000228ab73419c: 1f00 85d2 | 0f84 9a1d | 0000 4c8b 

  0x00000228ab7341a8: ;   {metadata(method data for {method} {0x00000228bd492ea8} '<init>' '(Ljava/lang/String;)V' in 'java/lang/StringBuilder')}
  0x00000228ab7341a8: c048 ba40 | af36 8128 | 0200 0048 | 8382 1801 

  0x00000228ab7341b8: ;   {oop("BundleLoader["{0x00000000d57dc550})}
  0x00000228ab7341b8: 0000 0149 | b850 c57d | d500 0000 | 0048 8bd0 | 4c89 8c24 | 4801 0000 | 4889 8424 | 3801 0000 
  0x00000228ab7341d8: 0f1f 8000 

  0x00000228ab7341dc: ;   {optimized virtual_call}
  0x00000228ab7341dc: 0000 00e8 

  0x00000228ab7341e0: ; ImmutableOopMap {[160]=Oop [168]=Oop [184]=Oop [208]=Oop [312]=Oop [320]=Oop [328]=Oop }
                      ;*invokespecial <init> {reexecute=0 rethrow=0 return_oop=0}
                      ; - java.lang.StringBuilder::<init>@2 (line 131)
                      ; - org.eclipse.osgi.internal.loader.BundleLoader::findClass0@288 (line 520)
  0x00000228ab7341e0: fca2 1d07 

  0x00000228ab7341e4: ;   {other}
  0x00000228ab7341e4: 0f1f 8400 | dc2f 0023 | 488b 8424 | 3801 0000 

  0x00000228ab7341f4: ;   {metadata(method data for {method} {0x000002288157fe10} 'findClass0' '(Ljava/lang/String;ZZ)Ljava/lang/Class;' in 'org/eclipse/osgi/internal/loader/BundleLoader')}
  0x00000228ab7341f4: 48ba 5811 | 8a81 2802 | 0000 4883 | 8230 0700 

  0x00000228ab734204: ;   {metadata(method data for {method} {0x00000228bd492c40} 'append' '(Ljava/lang/Object;)Ljava/lang/StringBuilder;' in 'java/lang/StringBuilder')}
  0x00000228ab734204: 0001 48ba | 606b 0a81 | 2802 0000 | 8bb2 cc00 | 0000 83c6 | 0289 b2cc | 0000 0081 | e6fe ff1f 
  0x00000228ab734224: 0085 f60f | 8434 1d00 

  0x00000228ab73422c: ;   {metadata(method data for {method} {0x00000228bd492c40} 'append' '(Ljava/lang/Object;)Ljava/lang/StringBuilder;' in 'java/lang/StringBuilder')}
  0x00000228ab73422c: 0048 ba60 | 6b0a 8128 | 0200 0048 | 8382 1801 

  0x00000228ab73423c: ;   {metadata(method data for {method} {0x00000228bd48d428} 'valueOf' '(Ljava/lang/Object;)Ljava/lang/String;' in 'java/lang/String')}
  0x00000228ab73423c: 0000 0148 | ba00 6d0a | 8128 0200 | 008b b2cc | 0000 0083 | c602 89b2 | cc00 0000 | 81e6 feff 
  0x00000228ab73425c: 1f00 85f6 | 0f84 1c1d 

  0x00000228ab734264: ;   {metadata(method data for {method} {0x00000228bd48d428} 'valueOf' '(Ljava/lang/Object;)Ljava/lang/String;' in 'java/lang/String')}
  0x00000228ab734264: 0000 48ba | 006d 0a81 | 2802 0000 | ff82 1801 | 0000 488b | 9424 a800 

  0x00000228ab73427c: ;   {metadata(method data for {method} {0x00000228bd48d428} 'valueOf' '(Ljava/lang/Object;)Ljava/lang/String;' in 'java/lang/String')}
  0x00000228ab73427c: 0000 48be | 006d 0a81 | 2802 0000 | 8b52 0849 | ba00 0000 | bd28 0200 | 0049 03d2 | 483b 9658 
  0x00000228ab73429c: 0100 0075 | 0d48 8386 | 6001 0000 | 01e9 6000 | 0000 483b | 9668 0100 | 0075 0d48 | 8386 7001 
  0x00000228ab7342bc: 0000 01e9 | 4a00 0000 | 4883 be58 | 0100 0000 | 7517 4889 | 9658 0100 | 0048 c786 | 6001 0000 
  0x00000228ab7342dc: 0100 0000 | e929 0000 | 0048 83be | 6801 0000 | 0075 1748 | 8996 6801 | 0000 48c7 | 8670 0100 
  0x00000228ab7342fc: 0001 0000 | 00e9 0800 | 0000 4883 | 8650 0100 | 0001 488b | 9424 a800 

  0x00000228ab734314: ;   {optimized virtual_call}
  0x00000228ab734314: 0000 90e8 

  0x00000228ab734318: ; ImmutableOopMap {[160]=Oop [168]=Oop [184]=Oop [208]=Oop [312]=Oop [320]=Oop [328]=Oop }
                      ;*invokevirtual toString {reexecute=0 rethrow=0 return_oop=0}
                      ; - java.lang.String::valueOf@11 (line 4556)
                      ; - java.lang.StringBuilder::append@2 (line 173)
                      ; - org.eclipse.osgi.internal.loader.BundleLoader::findClass0@292 (line 520)
  0x00000228ab734318: c4a1 1d07 

  0x00000228ab73431c: ;   {other}
  0x00000228ab73431c: 0f1f 8400 | 1431 0024 | 4c8b 8424 | 3801 0000 

  0x00000228ab73432c: ;   {metadata(method data for {method} {0x00000228bd492c40} 'append' '(Ljava/lang/Object;)Ljava/lang/StringBuilder;' in 'java/lang/StringBuilder')}
  0x00000228ab73432c: 48ba 606b | 0a81 2802 | 0000 4883 | 8228 0100 

  0x00000228ab73433c: ;   {metadata(method data for {method} {0x00000228bd492be8} 'append' '(Ljava/lang/String;)Ljava/lang/StringBuilder;' in 'java/lang/StringBuilder')}
  0x00000228ab73433c: 0001 49b8 | c04e 0181 | 2802 0000 | 418b 90cc | 0000 0083 | c202 4189 | 90cc 0000 | 0081 e2fe 
  0x00000228ab73435c: ff1f 0085 | d20f 843c | 1c00 004c | 8b84 2438 

  0x00000228ab73436c: ;   {metadata(method data for {method} {0x00000228bd492be8} 'append' '(Ljava/lang/String;)Ljava/lang/StringBuilder;' in 'java/lang/StringBuilder')}
  0x00000228ab73436c: 0100 0048 | bac0 4e01 | 8128 0200 | 0048 8382 | 1801 0000 | 014c 8bc0 | 488b 9424 | 3801 0000 
  0x00000228ab73438c: ;   {optimized virtual_call}
  0x00000228ab73438c: 6666 90e8 

  0x00000228ab734390: ; ImmutableOopMap {[160]=Oop [168]=Oop [184]=Oop [208]=Oop [312]=Oop [320]=Oop [328]=Oop }
                      ;*invokespecial append {reexecute=0 rethrow=0 return_oop=0}
                      ; - java.lang.StringBuilder::append@2 (line 179)
                      ; - java.lang.StringBuilder::append@5 (line 173)
                      ; - org.eclipse.osgi.internal.loader.BundleLoader::findClass0@292 (line 520)
  0x00000228ab734390: 4ca1 1d07 

  0x00000228ab734394: ;   {other}
  0x00000228ab734394: 0f1f 8400 | 8c31 0025 | 4c8b 8424 | 3801 0000 

  0x00000228ab7343a4: ;   {metadata(method data for {method} {0x000002288157fe10} 'findClass0' '(Ljava/lang/String;ZZ)Ljava/lang/Class;' in 'org/eclipse/osgi/internal/loader/BundleLoader')}
  0x00000228ab7343a4: 48ba 5811 | 8a81 2802 | 0000 4883 | 8260 0700 

  0x00000228ab7343b4: ;   {metadata(method data for {method} {0x00000228bd492be8} 'append' '(Ljava/lang/String;)Ljava/lang/StringBuilder;' in 'java/lang/StringBuilder')}
  0x00000228ab7343b4: 0001 49b8 | c04e 0181 | 2802 0000 | 418b 90cc | 0000 0083 | c202 4189 | 90cc 0000 | 0081 e2fe 
  0x00000228ab7343d4: ff1f 0085 | d20f 84e5 | 1b00 004c | 8b84 2438 

  0x00000228ab7343e4: ;   {metadata(method data for {method} {0x00000228bd492be8} 'append' '(Ljava/lang/String;)Ljava/lang/StringBuilder;' in 'java/lang/StringBuilder')}
  0x00000228ab7343e4: 0100 0048 | bac0 4e01 | 8128 0200 | 0048 8382 | 1801 0000 

  0x00000228ab7343f8: ;   {oop("] loading from required bundle package: "{0x00000000d612e418})}
  0x00000228ab7343f8: 0149 b818 | e412 d600 | 0000 0048 | 8b94 2438 | 0100 000f 

  0x00000228ab73440c: ;   {optimized virtual_call}
  0x00000228ab73440c: 1f40 00e8 

  0x00000228ab734410: ; ImmutableOopMap {[160]=Oop [168]=Oop [184]=Oop [208]=Oop [312]=Oop [320]=Oop [328]=Oop }
                      ;*invokespecial append {reexecute=0 rethrow=0 return_oop=0}
                      ; - java.lang.StringBuilder::append@2 (line 179)
                      ; - org.eclipse.osgi.internal.loader.BundleLoader::findClass0@298 (line 520)
  0x00000228ab734410: cca0 1d07 

  0x00000228ab734414: ;   {other}
  0x00000228ab734414: 0f1f 8400 | 0c32 0026 | 488b 8424 | 3801 0000 

  0x00000228ab734424: ;   {metadata(method data for {method} {0x000002288157fe10} 'findClass0' '(Ljava/lang/String;ZZ)Ljava/lang/Class;' in 'org/eclipse/osgi/internal/loader/BundleLoader')}
  0x00000228ab734424: 48ba 5811 | 8a81 2802 | 0000 4883 | 8290 0700 

  0x00000228ab734434: ;   {metadata(method data for {method} {0x00000228bd492c40} 'append' '(Ljava/lang/Object;)Ljava/lang/StringBuilder;' in 'java/lang/StringBuilder')}
  0x00000228ab734434: 0001 48ba | 606b 0a81 | 2802 0000 | 8bb2 cc00 | 0000 83c6 | 0289 b2cc | 0000 0081 | e6fe ff1f 
  0x00000228ab734454: 0085 f60f | 8488 1b00 

  0x00000228ab73445c: ;   {metadata(method data for {method} {0x00000228bd492c40} 'append' '(Ljava/lang/Object;)Ljava/lang/StringBuilder;' in 'java/lang/StringBuilder')}
  0x00000228ab73445c: 0048 ba60 | 6b0a 8128 | 0200 0048 | 8382 1801 

  0x00000228ab73446c: ;   {metadata(method data for {method} {0x00000228bd48d428} 'valueOf' '(Ljava/lang/Object;)Ljava/lang/String;' in 'java/lang/String')}
  0x00000228ab73446c: 0000 0148 | ba00 6d0a | 8128 0200 | 008b b2cc | 0000 0083 | c602 89b2 | cc00 0000 | 81e6 feff 
  0x00000228ab73448c: 1f00 85f6 | 0f84 701b | 0000 488b | 8424 4001 | 0000 4885 

  0x00000228ab7344a0: ;   {metadata(method data for {method} {0x00000228bd48d428} 'valueOf' '(Ljava/lang/Object;)Ljava/lang/String;' in 'java/lang/String')}
  0x00000228ab7344a0: c048 ba00 | 6d0a 8128 | 0200 00be | 1801 0000 | 7505 be28 | 0100 0048 | 8b3c 3248 | 8d7f 0148 
  0x00000228ab7344c0: 893c 320f | 851f 0000 

  0x00000228ab7344c8: ;   {metadata(method data for {method} {0x00000228bd48d428} 'valueOf' '(Ljava/lang/Object;)Ljava/lang/String;' in 'java/lang/String')}
  0x00000228ab7344c8: 0048 ba00 | 6d0a 8128 | 0200 00ff | 8238 0100 

  0x00000228ab7344d8: ;   {oop("null"{0x0000000080000400})}
  0x00000228ab7344d8: 0048 be00 | 0400 8000 | 0000 00e9 | af00 0000 

  0x00000228ab7344e8: ; implicit exception: dispatches to 0x00000228ab736027
  0x00000228ab7344e8: 483b 0048 

  0x00000228ab7344ec: ;   {metadata(method data for {method} {0x00000228bd48d428} 'valueOf' '(Ljava/lang/Object;)Ljava/lang/String;' in 'java/lang/String')}
  0x00000228ab7344ec: 8bd0 48be | 006d 0a81 | 2802 0000 | 8b52 0849 | ba00 0000 | bd28 0200 | 0049 03d2 | 483b 9658 
  0x00000228ab73450c: 0100 0075 | 0d48 8386 | 6001 0000 | 01e9 6000 | 0000 483b | 9668 0100 | 0075 0d48 | 8386 7001 
  0x00000228ab73452c: 0000 01e9 | 4a00 0000 | 4883 be58 | 0100 0000 | 7517 4889 | 9658 0100 | 0048 c786 | 6001 0000 
  0x00000228ab73454c: 0100 0000 | e929 0000 | 0048 83be | 6801 0000 | 0075 1748 | 8996 6801 | 0000 48c7 | 8670 0100 
  0x00000228ab73456c: 0001 0000 | 00e9 0800 | 0000 4883 | 8650 0100 | 0001 488b | d066 0f1f 

  0x00000228ab734584: ;   {optimized virtual_call}
  0x00000228ab734584: 4400 00e8 

  0x00000228ab734588: ; ImmutableOopMap {[160]=Oop [168]=Oop [184]=Oop [208]=Oop [312]=Oop [320]=Oop [328]=Oop }
                      ;*invokevirtual toString {reexecute=0 rethrow=0 return_oop=0}
                      ; - java.lang.String::valueOf@11 (line 4556)
                      ; - java.lang.StringBuilder::append@2 (line 173)
                      ; - org.eclipse.osgi.internal.loader.BundleLoader::findClass0@303 (line 520)
  0x00000228ab734588: 549f 1d07 

  0x00000228ab73458c: ;   {other}
  0x00000228ab73458c: 0f1f 8400 | 8433 0027 | 488b f048 | 8b84 2438 

  0x00000228ab73459c: ;   {metadata(method data for {method} {0x00000228bd492c40} 'append' '(Ljava/lang/Object;)Ljava/lang/StringBuilder;' in 'java/lang/StringBuilder')}
  0x00000228ab73459c: 0100 0049 | b860 6b0a | 8128 0200 | 0049 8380 | 2801 0000 

  0x00000228ab7345b0: ;   {metadata(method data for {method} {0x00000228bd492be8} 'append' '(Ljava/lang/String;)Ljava/lang/StringBuilder;' in 'java/lang/StringBuilder')}
  0x00000228ab7345b0: 0149 b8c0 | 4e01 8128 | 0200 0041 | 8b90 cc00 | 0000 83c2 | 0241 8990 | cc00 0000 | 81e2 feff 
  0x00000228ab7345d0: 1f00 85d2 | 0f84 521a | 0000 488b | 8424 3801 

  0x00000228ab7345e0: ;   {metadata(method data for {method} {0x00000228bd492be8} 'append' '(Ljava/lang/String;)Ljava/lang/StringBuilder;' in 'java/lang/StringBuilder')}
  0x00000228ab7345e0: 0000 49b8 | c04e 0181 | 2802 0000 | 4983 8018 | 0100 0001 | 4c8b c648 | 8b94 2438 

  0x00000228ab7345fc: ;   {optimized virtual_call}
  0x00000228ab7345fc: 0100 00e8 

  0x00000228ab734600: ; ImmutableOopMap {[160]=Oop [168]=Oop [184]=Oop [208]=Oop [312]=Oop [320]=Oop [328]=Oop }
                      ;*invokespecial append {reexecute=0 rethrow=0 return_oop=0}
                      ; - java.lang.StringBuilder::append@2 (line 179)
                      ; - java.lang.StringBuilder::append@5 (line 173)
                      ; - org.eclipse.osgi.internal.loader.BundleLoader::findClass0@303 (line 520)
  0x00000228ab734600: dc9e 1d07 

  0x00000228ab734604: ;   {other}
  0x00000228ab734604: 0f1f 8400 | fc33 0028 | 4c8b 8424 | 3801 0000 

  0x00000228ab734614: ;   {metadata(method data for {method} {0x000002288157fe10} 'findClass0' '(Ljava/lang/String;ZZ)Ljava/lang/Class;' in 'org/eclipse/osgi/internal/loader/BundleLoader')}
  0x00000228ab734614: 498b c048 | ba58 118a | 8128 0200 | 0048 8382 | c007 0000 

  0x00000228ab734628: ;   {metadata(method data for {method} {0x00000228bd16af10} 'toString' '()Ljava/lang/String;' in 'java/lang/StringBuilder')}
  0x00000228ab734628: 0148 ba68 | 5601 8128 | 0200 008b | b2cc 0000 | 0083 c602 | 89b2 cc00 | 0000 81e6 | feff 1f00 
  0x00000228ab734648: 85f6 0f84 | fd19 0000 

  0x00000228ab734650: ;   {metadata(method data for {method} {0x00000228bd16af10} 'toString' '()Ljava/lang/String;' in 'java/lang/StringBuilder')}
  0x00000228ab734650: 498b c048 | ba68 5601 | 8128 0200 | 0048 8382 | 1801 0000 

  0x00000228ab734664: ;   {metadata(method data for {method} {0x00000228bd16af68} 'length' '()I' in 'java/lang/StringBuilder')}
  0x00000228ab734664: 0148 ba20 | 5801 8128 | 0200 008b | b2cc 0000 | 0083 c602 | 89b2 cc00 | 0000 81e6 | feff 1f00 
  0x00000228ab734684: 85f6 0f84 | e219 0000 

  0x00000228ab73468c: ;   {metadata(method data for {method} {0x00000228bd16af68} 'length' '()I' in 'java/lang/StringBuilder')}
  0x00000228ab73468c: 498b c048 | ba20 5801 | 8128 0200 | 0048 8382 | 1801 0000 | 0141 8b50 

  0x00000228ab7346a4: ;   {metadata(method data for {method} {0x00000228bd16af10} 'toString' '()Ljava/lang/String;' in 'java/lang/StringBuilder')}
  0x00000228ab7346a4: 0c85 d248 | ba68 5601 | 8128 0200 | 00be 4801 | 0000 7505 | be58 0100 | 0048 8b3c | 3248 8d7f 
  0x00000228ab7346c4: 0148 893c | 320f 850f 

  0x00000228ab7346cc: ;   {oop(""{0x0000000080000168})}
  0x00000228ab7346cc: 0000 0048 | be68 0100 | 8000 0000 | 00e9 9600 

  0x00000228ab7346dc: ;   {metadata('java/lang/String')}
  0x00000228ab7346dc: 0000 48ba | d80d 17bd | 2802 0000 | 498b 87b8 | 0100 0048 | 8d78 1849 | 3bbf c801 | 0000 0f87 
  0x00000228ab7346fc: 8f19 0000 | 4989 bfb8 | 0100 0048 | c700 0100 | 0000 488b | ca49 ba00 | 0000 bd28 | 0200 0049 
  0x00000228ab73471c: 2bca 8948 | 0848 33c9 | 8948 0c48 | 33c9 4889 | 4810 4c8b 

  0x00000228ab734730: ;   {metadata(method data for {method} {0x00000228bd16af10} 'toString' '()Ljava/lang/String;' in 'java/lang/StringBuilder')}
  0x00000228ab734730: c848 ba68 | 5601 8128 | 0200 0048 | 8382 6801 

  0x00000228ab734740: ;   {oop(nullptr)}
  0x00000228ab734740: 0000 0149 | b900 0000 | 0000 0000 | 0048 8bd0 | 4889 8424 | 5001 0000 | 0f1f 8000 

  0x00000228ab73475c: ;   {optimized virtual_call}
  0x00000228ab73475c: 0000 00e8 

  0x00000228ab734760: ; ImmutableOopMap {[160]=Oop [168]=Oop [184]=Oop [208]=Oop [320]=Oop [328]=Oop [336]=Oop }
                      ;*invokespecial <init> {reexecute=0 rethrow=0 return_oop=0}
                      ; - java.lang.StringBuilder::toString@16 (line 478)
                      ; - org.eclipse.osgi.internal.loader.BundleLoader::findClass0@306 (line 520)
  0x00000228ab734760: 7c9d 1d07 

  0x00000228ab734764: ;   {other}
  0x00000228ab734764: 0f1f 8400 | 5c35 0029 | 488b b424 | 5001 0000 | 4c8b 8c24 | 4801 0000 

  0x00000228ab73477c: ; implicit exception: dispatches to 0x00000228ab73609c
  0x00000228ab73477c: 493b 014d 

  0x00000228ab734780: ;   {metadata(method data for {method} {0x000002288157fe10} 'findClass0' '(Ljava/lang/String;ZZ)Ljava/lang/Class;' in 'org/eclipse/osgi/internal/loader/BundleLoader')}
  0x00000228ab734780: 8bc1 48ba | 5811 8a81 | 2802 0000 

  0x00000228ab73478c: ;   {metadata('org/eclipse/osgi/internal/debug/Debug')}
  0x00000228ab73478c: 49ba 0004 | 09be 2802 | 0000 4c89 | 92f8 0700 | 0048 8382 | 0008 0000 

  0x00000228ab7347a4: ;   {metadata(method data for {method} {0x00000228814de3e8} 'trace' '(Ljava/lang/String;Ljava/lang/String;)V' in 'org/eclipse/osgi/internal/debug/Debug')}
  0x00000228ab7347a4: 0149 b800 | 0087 8128 | 0200 0041 | 8b90 cc00 | 0000 83c2 | 0241 8990 | cc00 0000 | 81e2 feff 
  0x00000228ab7347c4: 1f00 85d2 | 0f84 d318 | 0000 418b | 5124 4885 

  0x00000228ab7347d4: ;   {metadata(method data for {method} {0x00000228814de3e8} 'trace' '(Ljava/lang/String;Ljava/lang/String;)V' in 'org/eclipse/osgi/internal/debug/Debug')}
  0x00000228ab7347d4: d249 b800 | 0087 8128 | 0200 0041 | b918 0100 | 0074 0641 | b928 0100 | 004b 8b3c | 0848 8d7f 
  0x00000228ab7347f4: 014b 893c | 080f 84e3 | 0200 0048 | 89b4 2458 | 0100 0048 | 85d2 0f84 | 2900 0000 

  0x00000228ab734810: ;   {metadata('org/eclipse/osgi/internal/log/ExtendedLogServiceImpl')}
  0x00000228ab734810: 48bb c050 | 09be 2802 | 0000 8b7a | 0849 ba00 | 0000 bd28 | 0200 0049 | 03fa 483b | 5f38 0f85 
  0x00000228ab734830: 8e18 0000 | e900 0000 | 004c 8bc2 

  0x00000228ab73483c: ; implicit exception: dispatches to 0x00000228ab7360c7
  0x00000228ab73483c: 483b 024c 

  0x00000228ab734840: ;   {metadata(method data for {method} {0x00000228814de3e8} 'trace' '(Ljava/lang/String;Ljava/lang/String;)V' in 'org/eclipse/osgi/internal/debug/Debug')}
  0x00000228ab734840: 8bc2 49b9 | 0000 8781 | 2802 0000 

  0x00000228ab73484c: ;   {metadata('org/eclipse/osgi/internal/log/ExtendedLogServiceImpl')}
  0x00000228ab73484c: 49ba c050 | 09be 2802 | 0000 4d89 | 9140 0100 | 0049 8381 | 4801 0000 

  0x00000228ab734864: ;   {metadata(method data for {method} {0x00000228815047e0} 'getLogger' '(Ljava/lang/String;)Lorg/osgi/service/log/Logger;' in 'org/eclipse/osgi/internal/log/ExtendedLogServiceImpl')}
  0x00000228ab734864: 0149 b830 | 0287 8128 | 0200 0045 | 8b88 cc00 | 0000 4183 | c102 4589 | 88cc 0000 | 0041 81e1 
  0x00000228ab734884: feff 1f00 | 4585 c90f | 843b 1800 | 004c 8bc2 

  0x00000228ab734894: ;   {metadata(method data for {method} {0x00000228815047e0} 'getLogger' '(Ljava/lang/String;)Lorg/osgi/service/log/Logger;' in 'org/eclipse/osgi/internal/log/ExtendedLogServiceImpl')}
  0x00000228ab734894: 49b9 3002 | 8781 2802 

  0x00000228ab73489c: ;   {metadata('org/eclipse/osgi/internal/log/ExtendedLogServiceImpl')}
  0x00000228ab73489c: 0000 49ba | c050 09be | 2802 0000 | 4d89 9120 | 0100 0049 | 8381 2801 

  0x00000228ab7348b4: ;   {metadata(method data for {method} {0x0000022881502068} 'getLogger' '(Ljava/lang/String;)Lorg/eclipse/equinox/log/Logger;' in 'org/eclipse/osgi/internal/log/ExtendedLogServiceImpl')}
  0x00000228ab7348b4: 0000 0149 | b8c0 0387 | 8128 0200 | 0045 8b88 | cc00 0000 | 4183 c102 | 4589 88cc | 0000 0041 
  0x00000228ab7348d4: 81e1 feff | 1f00 4585 | c90f 840a | 1800 004c 

  0x00000228ab7348e4: ;   {metadata(method data for {method} {0x0000022881502068} 'getLogger' '(Ljava/lang/String;)Lorg/eclipse/equinox/log/Logger;' in 'org/eclipse/osgi/internal/log/ExtendedLogServiceImpl')}
  0x00000228ab7348e4: 8bc2 49b9 | c003 8781 | 2802 0000 

  0x00000228ab7348f0: ;   {metadata('org/eclipse/osgi/internal/log/ExtendedLogServiceImpl')}
  0x00000228ab7348f0: 49ba c050 | 09be 2802 | 0000 4d89 | 9120 0100 | 0049 8381 | 2801 0000 | 014c 8b84 | 24d0 0000 
  0x00000228ab734910: ;   {oop(a 'java/lang/Class'{0x00000000d72ad318} = 'org/osgi/service/log/Logger')}
  0x00000228ab734910: 0049 b918 | d32a d700 | 0000 000f 

  0x00000228ab73491c: ;   {optimized virtual_call}
  0x00000228ab73491c: 1f40 00e8 

  0x00000228ab734920: ; ImmutableOopMap {[160]=Oop [168]=Oop [184]=Oop [208]=Oop [320]=Oop [344]=Oop }
                      ;*invokevirtual getLogger {reexecute=0 rethrow=0 return_oop=0}
                      ; - org.eclipse.osgi.internal.log.ExtendedLogServiceImpl::getLogger@4 (line 73)
                      ; - org.eclipse.osgi.internal.log.ExtendedLogServiceImpl::getLogger@2 (line 1)
                      ; - org.eclipse.osgi.internal.debug.Debug::trace@11 (line 265)
                      ; - org.eclipse.osgi.internal.loader.BundleLoader::findClass0@309 (line 519)
  0x00000228ab734920: bc9b 1d07 

  0x00000228ab734924: ;   {other}
  0x00000228ab734924: 0f1f 8400 | 1c37 002a 

  0x00000228ab73492c: ;   {metadata(method data for {method} {0x0000022881502068} 'getLogger' '(Ljava/lang/String;)Lorg/eclipse/equinox/log/Logger;' in 'org/eclipse/osgi/internal/log/ExtendedLogServiceImpl')}
  0x00000228ab73492c: 4885 c048 | bec0 0387 | 8128 0200 | 0075 0c80 | 8e41 0100 | 0001 e9c9 | 0000 008b | 7808 49ba 
  0x00000228ab73494c: 0000 00bd | 2802 0000 | 4903 fa48 | 3bbe 5001 | 0000 750d | 4883 8658 | 0100 0001 | e960 0000 
  0x00000228ab73496c: 0048 3bbe | 6001 0000 | 750d 4883 | 8668 0100 | 0001 e94a | 0000 0048 | 83be 5001 | 0000 0075 
  0x00000228ab73498c: 1748 89be | 5001 0000 | 48c7 8658 | 0100 0001 | 0000 00e9 | 2900 0000 | 4883 be60 | 0100 0000 
  0x00000228ab7349ac: 7517 4889 | be60 0100 | 0048 c786 | 6801 0000 | 0100 0000 | e908 0000 | 0048 8386 | 4801 0000 
  0x00000228ab7349cc: ;   {metadata('org/eclipse/equinox/log/Logger')}
  0x00000228ab7349cc: 0148 bf78 | 2409 be28 | 0200 008b | 7008 49ba | 0000 00bd | 2802 0000 | 4903 f248 | 3b7e 200f 
  0x00000228ab7349ec: 841f 0000 | 0048 3bf7 | 0f84 1600 | 0000 5657 

  0x00000228ab7349fc: ;   {runtime_call slow_subtype_check Runtime1 stub}
  0x00000228ab7349fc: e8bf d328 | 075e 5e85 | f60f 8403 | 1700 00e9 | 0000 0000 | 488b d048 | 3b02 4c8b 

  0x00000228ab734a18: ;   {metadata(method data for {method} {0x00000228814de3e8} 'trace' '(Ljava/lang/String;Ljava/lang/String;)V' in 'org/eclipse/osgi/internal/debug/Debug')}
  0x00000228ab734a18: c248 be00 | 0087 8128 | 0200 0045 | 8b40 0849 | ba00 0000 | bd28 0200 | 004d 03c2 | 4c3b 8670 
  0x00000228ab734a38: 0100 0075 | 0d48 8386 | 7801 0000 | 01e9 6000 | 0000 4c3b | 8680 0100 | 0075 0d48 | 8386 8801 
  0x00000228ab734a58: 0000 01e9 | 4a00 0000 | 4883 be70 | 0100 0000 | 7517 4c89 | 8670 0100 | 0048 c786 | 7801 0000 
  0x00000228ab734a78: 0100 0000 | e929 0000 | 0048 83be | 8001 0000 | 0075 174c | 8986 8001 | 0000 48c7 | 8688 0100 
  0x00000228ab734a98: 0001 0000 | 00e9 0800 | 0000 4883 | 8668 0100 | 0001 4c8b | 8424 5801 | 0000 6666 | 9048 b858 
  0x00000228ab734ab8: f054 8528 

  0x00000228ab734abc: ;   {virtual_call}
  0x00000228ab734abc: 0200 00e8 

  0x00000228ab734ac0: ; ImmutableOopMap {[160]=Oop [168]=Oop [184]=Oop [208]=Oop [320]=Oop }
                      ;*invokeinterface debug {reexecute=0 rethrow=0 return_oop=0}
                      ; - org.eclipse.osgi.internal.debug.Debug::trace@17 (line 265)
                      ; - org.eclipse.osgi.internal.loader.BundleLoader::findClass0@309 (line 519)
  0x00000228ab734ac0: 1c9d 1d07 

  0x00000228ab734ac4: ;   {other}
  0x00000228ab734ac4: 0f1f 8400 | bc38 002b 

  0x00000228ab734acc: ;   {metadata(method data for {method} {0x00000228814de3e8} 'trace' '(Ljava/lang/String;Ljava/lang/String;)V' in 'org/eclipse/osgi/internal/debug/Debug')}
  0x00000228ab734acc: 49b8 0000 | 8781 2802 | 0000 41ff | 8098 0100 | 00e9 4a00 

  0x00000228ab734ae0: ;   {oop(a 'java/lang/Class'{0x00000000d72ac9e8} = 'org/eclipse/osgi/internal/debug/Debug')}
  0x00000228ab734ae0: 0000 49b8 | e8c9 2ad7 | 0000 0000 | 418b 90d0 | 0000 0048 | 3b02 4c8b 

  0x00000228ab734af8: ;   {metadata(method data for {method} {0x00000228814de3e8} 'trace' '(Ljava/lang/String;Ljava/lang/String;)V' in 'org/eclipse/osgi/internal/debug/Debug')}
  0x00000228ab734af8: c248 bf00 | 0087 8128 

  0x00000228ab734b00: ;   {metadata('java/io/PrintStream')}
  0x00000228ab734b00: 0200 0049 | ba78 c916 | bd28 0200 | 004c 8997 | b801 0000 | 4883 87c0 | 0100 0001 

  0x00000228ab734b1c: ;   {optimized virtual_call}
  0x00000228ab734b1c: 4c8b c6e8 

  0x00000228ab734b20: ; ImmutableOopMap {[160]=Oop [168]=Oop [184]=Oop [208]=Oop [320]=Oop }
                      ;*invokevirtual println {reexecute=0 rethrow=0 return_oop=0}
                      ; - org.eclipse.osgi.internal.debug.Debug::trace@29 (line 267)
                      ; - org.eclipse.osgi.internal.loader.BundleLoader::findClass0@309 (line 519)
  0x00000228ab734b20: bc99 1d07 

  0x00000228ab734b24: ;   {other}
  0x00000228ab734b24: 0f1f 8400 | 1c39 002c | 488b 8424 | 4001 0000 

  0x00000228ab734b34: ; implicit exception: dispatches to 0x00000228ab736121
  0x00000228ab734b34: 483b 004c 

  0x00000228ab734b38: ;   {metadata(method data for {method} {0x000002288157fe10} 'findClass0' '(Ljava/lang/String;ZZ)Ljava/lang/Class;' in 'org/eclipse/osgi/internal/loader/BundleLoader')}
  0x00000228ab734b38: 8bc0 48ba | 5811 8a81 | 2802 0000 | 458b 4008 | 49ba 0000 | 00bd 2802 | 0000 4d03 | c24c 3b82 
  0x00000228ab734b58: 2808 0000 | 750d 4883 | 8230 0800 | 0001 e960 | 0000 004c | 3b82 3808 | 0000 750d | 4883 8240 
  0x00000228ab734b78: 0800 0001 | e94a 0000 | 0048 83ba | 2808 0000 | 0075 174c | 8982 2808 | 0000 48c7 | 8230 0800 
  0x00000228ab734b98: 0001 0000 | 00e9 2900 | 0000 4883 | ba38 0800 | 0000 7517 | 4c89 8238 | 0800 0048 | c782 4008 
  0x00000228ab734bb8: 0000 0100 | 0000 e908 | 0000 0048 | 8382 2008 | 0000 014c | 8b84 24a0 | 0000 0048 | 8bd0 0f1f 
  0x00000228ab734bd8: 8000 0000 | 0048 b880 | f054 8528 

  0x00000228ab734be4: ;   {virtual_call}
  0x00000228ab734be4: 0200 00e8 

  0x00000228ab734be8: ; ImmutableOopMap {[160]=Oop [168]=Oop [184]=Oop [208]=Oop [320]=Oop }
                      ;*invokevirtual loadClass {reexecute=0 rethrow=0 return_oop=0}
                      ; - org.eclipse.osgi.internal.loader.BundleLoader::findClass0@315 (line 523)
  0x00000228ab734be8: 043f 2907 

  0x00000228ab734bec: ;   {other}
  0x00000228ab734bec: 0f1f 8400 | e439 002d | 488b f048 

  0x00000228ab734bf8: ;   {metadata(method data for {method} {0x000002288157fe10} 'findClass0' '(Ljava/lang/String;ZZ)Ljava/lang/Class;' in 'org/eclipse/osgi/internal/loader/BundleLoader')}
  0x00000228ab734bf8: 85f6 49b8 | 5811 8a81 | 2802 0000 | ba50 0800 | 0075 05ba | 6008 0000 | 498b 3c10 | 488d 7f01 
  0x00000228ab734c18: 4989 3c10 | 0f85 c500 | 0000 488b | 9424 a800 

  0x00000228ab734c28: ;   {metadata(method data for {method} {0x000002288157fe10} 'findClass0' '(Ljava/lang/String;ZZ)Ljava/lang/Class;' in 'org/eclipse/osgi/internal/loader/BundleLoader')}
  0x00000228ab734c28: 0000 49b8 | 5811 8a81 | 2802 0000 | 8b52 0849 | ba00 0000 | bd28 0200 | 0049 03d2 | 493b 9078 
  0x00000228ab734c48: 0800 0075 | 0d49 8380 | 8008 0000 | 01e9 6000 | 0000 493b | 9088 0800 | 0075 0d49 | 8380 9008 
  0x00000228ab734c68: 0000 01e9 | 4a00 0000 | 4983 b878 | 0800 0000 | 7517 4989 | 9078 0800 | 0049 c780 | 8008 0000 
  0x00000228ab734c88: 0100 0000 | e929 0000 | 0049 83b8 | 8808 0000 | 0075 1749 | 8990 8808 | 0000 49c7 | 8090 0800 
  0x00000228ab734ca8: 0001 0000 | 00e9 0800 | 0000 4983 | 8070 0800 | 0001 4c8b | 8424 a000 | 0000 488b | 9424 a800 
  0x00000228ab734cc8: 0000 6666 | 9048 b8a8 | f054 8528 

  0x00000228ab734cd4: ;   {virtual_call}
  0x00000228ab734cd4: 0200 00e8 

  0x00000228ab734cd8: ; ImmutableOopMap {[160]=Oop [168]=Oop [184]=Oop [208]=Oop [320]=Oop }
                      ;*invokevirtual findLocalClass {reexecute=0 rethrow=0 return_oop=0}
                      ; - org.eclipse.osgi.internal.loader.BundleLoader::findClass0@327 (line 527)
  0x00000228ab734cd8: b9ea 1d07 

  0x00000228ab734cdc: ;   {other}
  0x00000228ab734cdc: 0f1f 8400 | d43a 002e | 488b f048 

  0x00000228ab734ce8: ;   {metadata(method data for {method} {0x000002288157fe10} 'findClass0' '(Ljava/lang/String;ZZ)Ljava/lang/Class;' in 'org/eclipse/osgi/internal/loader/BundleLoader')}
  0x00000228ab734ce8: 85f6 49b8 | 5811 8a81 | 2802 0000 | bab0 0800 | 0075 05ba | a008 0000 | 498b 3c10 | 488d 7f01 
  0x00000228ab734d08: 4989 3c10 | 0f85 e007 | 0000 488b | 8424 4001 | 0000 4885 

  0x00000228ab734d1c: ;   {metadata(method data for {method} {0x000002288157fe10} 'findClass0' '(Ljava/lang/String;ZZ)Ljava/lang/Class;' in 'org/eclipse/osgi/internal/loader/BundleLoader')}
  0x00000228ab734d1c: c049 b858 | 118a 8128 | 0200 00ba | c008 0000 | 7505 bad0 | 0800 0049 | 8b3c 1048 | 8d7f 0149 
  0x00000228ab734d3c: 893c 100f | 857c 0000 | 0048 89b4 | 2460 0100 | 0048 8bb4 | 24b8 0000 | 0048 8b94 | 24a8 0000 
  0x00000228ab734d5c: ;   {metadata(method data for {method} {0x000002288157fe10} 'findClass0' '(Ljava/lang/String;ZZ)Ljava/lang/Class;' in 'org/eclipse/osgi/internal/loader/BundleLoader')}
  0x00000228ab734d5c: 0049 b858 | 118a 8128 | 0200 0049 | 8380 e008 | 0000 014c | 8bc6 488b | 9424 a800 | 0000 0f1f 
  0x00000228ab734d7c: ;   {optimized virtual_call}
  0x00000228ab734d7c: 4400 00e8 

  0x00000228ab734d80: ; ImmutableOopMap {[160]=Oop [168]=Oop [208]=Oop [352]=Oop }
                      ;*invokespecial findDynamicSource {reexecute=0 rethrow=0 return_oop=0}
                      ; - org.eclipse.osgi.internal.loader.BundleLoader::findClass0@348 (line 533)
  0x00000228ab734d80: 5c97 1d07 

  0x00000228ab734d84: ;   {other}
  0x00000228ab734d84: 0f1f 8400 | 7c3b 002f 

  0x00000228ab734d8c: ;   {metadata(method data for {method} {0x000002288157fe10} 'findClass0' '(Ljava/lang/String;ZZ)Ljava/lang/Class;' in 'org/eclipse/osgi/internal/loader/BundleLoader')}
  0x00000228ab734d8c: 4885 c049 | b858 118a | 8128 0200 | 0041 b900 | 0900 0075 | 0641 b9f0 | 0800 004b | 8b14 0848 
  0x00000228ab734dac: 8d52 014b | 8914 080f | 855f 0100 | 0048 8bb4 | 2460 0100 | 0048 85f6 

  0x00000228ab734dc4: ;   {metadata(method data for {method} {0x000002288157fe10} 'findClass0' '(Ljava/lang/String;ZZ)Ljava/lang/Class;' in 'org/eclipse/osgi/internal/loader/BundleLoader')}
  0x00000228ab734dc4: 49b8 5811 | 8a81 2802 | 0000 41b9 | 7009 0000 | 7506 41b9 | 8009 0000 | 4b8b 1408 | 488d 5201 
  0x00000228ab734de4: 4b89 1408 | 0f85 4a02 | 0000 4889 | b424 6001 | 0000 488b | 9424 a800 

  0x00000228ab734dfc: ;   {metadata(method data for {method} {0x000002288157fe10} 'findClass0' '(Ljava/lang/String;ZZ)Ljava/lang/Class;' in 'org/eclipse/osgi/internal/loader/BundleLoader')}
  0x00000228ab734dfc: 0000 49b8 | 5811 8a81 | 2802 0000 | 4983 8090 | 0900 0001 | 4c8b 8424 | a000 0000 | 41b9 0200 
  0x00000228ab734e1c: 0000 488b | 9424 a800 

  0x00000228ab734e24: ;   {optimized virtual_call}
  0x00000228ab734e24: 0000 90e8 

  0x00000228ab734e28: ; ImmutableOopMap {[160]=Oop [168]=Oop [208]=Oop [352]=Oop }
                      ;*invokespecial searchHooks {reexecute=0 rethrow=0 return_oop=0}
                      ; - org.eclipse.osgi.internal.loader.BundleLoader::findClass0@391 (line 544)
  0x00000228ab734e28: b496 1d07 

  0x00000228ab734e2c: ;   {other}
  0x00000228ab734e2c: 0f1f 8400 | 243c 0030 

  0x00000228ab734e34: ;   {metadata(method data for {method} {0x000002288157fe10} 'findClass0' '(Ljava/lang/String;ZZ)Ljava/lang/Class;' in 'org/eclipse/osgi/internal/loader/BundleLoader')}
  0x00000228ab734e34: 4885 c048 | be58 118a | 8128 0200 | 0075 0c80 | 8e99 0900 | 0001 e9ae | 0000 008b | 7808 49ba 
  0x00000228ab734e54: 0000 00bd | 2802 0000 | 4903 fa48 | 3bbe a809 | 0000 750d | 4883 86b0 | 0900 0001 | e960 0000 
  0x00000228ab734e74: 0048 3bbe | b809 0000 | 750d 4883 | 86c0 0900 | 0001 e94a | 0000 0048 | 83be a809 | 0000 0075 
  0x00000228ab734e94: 1748 89be | a809 0000 | 48c7 86b0 | 0900 0001 | 0000 00e9 | 2900 0000 | 4883 beb8 | 0900 0000 
  0x00000228ab734eb4: 7517 4889 | beb8 0900 | 0048 c786 | c009 0000 | 0100 0000 | e908 0000 | 0048 8386 | a009 0000 
  0x00000228ab734ed4: ;   {metadata('java/lang/Class')}
  0x00000228ab734ed4: 0148 bf30 | 9116 bd28 | 0200 008b | 5008 49ba | 0000 00bd | 2802 0000 | 4903 d248 | 3bfa 0f85 
  0x00000228ab734ef4: 2e12 0000 | e900 0000 | 004c 8bc0 

  0x00000228ab734f00: ;   {metadata(method data for {method} {0x000002288157fe10} 'findClass0' '(Ljava/lang/String;ZZ)Ljava/lang/Class;' in 'org/eclipse/osgi/internal/loader/BundleLoader')}
  0x00000228ab734f00: 48ba 5811 | 8a81 2802 | 0000 ff82 | d009 0000 | 498b f0e9 | 2001 0000 

  0x00000228ab734f18: ; implicit exception: dispatches to 0x00000228ab73612f
  0x00000228ab734f18: 483b 004c 

  0x00000228ab734f1c: ;   {metadata(method data for {method} {0x000002288157fe10} 'findClass0' '(Ljava/lang/String;ZZ)Ljava/lang/Class;' in 'org/eclipse/osgi/internal/loader/BundleLoader')}
  0x00000228ab734f1c: 8bc0 48ba | 5811 8a81 | 2802 0000 | 458b 4008 | 49ba 0000 | 00bd 2802 | 0000 4d03 | c24c 3b82 
  0x00000228ab734f3c: 1809 0000 | 750d 4883 | 8220 0900 | 0001 e960 | 0000 004c | 3b82 2809 | 0000 750d | 4883 8230 
  0x00000228ab734f5c: 0900 0001 | e94a 0000 | 0048 83ba | 1809 0000 | 0075 174c | 8982 1809 | 0000 48c7 | 8220 0900 
  0x00000228ab734f7c: 0001 0000 | 00e9 2900 | 0000 4883 | ba28 0900 | 0000 7517 | 4c89 8228 | 0900 0048 | c782 3009 
  0x00000228ab734f9c: 0000 0100 | 0000 e908 | 0000 0048 | 8382 1009 | 0000 014c | 8b84 24a0 | 0000 0048 | 8bd0 6666 
  0x00000228ab734fbc: 9048 b8d0 | f054 8528 

  0x00000228ab734fc4: ;   {virtual_call}
  0x00000228ab734fc4: 0200 00e8 

  0x00000228ab734fc8: ; ImmutableOopMap {[160]=Oop [168]=Oop [208]=Oop }
                      ;*invokevirtual loadClass {reexecute=0 rethrow=0 return_oop=0}
                      ; - org.eclipse.osgi.internal.loader.BundleLoader::findClass0@361 (line 535)
  0x00000228ab734fc8: 1498 1d07 

  0x00000228ab734fcc: ;   {other}
  0x00000228ab734fcc: 0f1f 8400 | c43d 0031 

  0x00000228ab734fd4: ;   {metadata(method data for {method} {0x000002288157fe10} 'findClass0' '(Ljava/lang/String;ZZ)Ljava/lang/Class;' in 'org/eclipse/osgi/internal/loader/BundleLoader')}
  0x00000228ab734fd4: 4885 c049 | b858 118a | 8128 0200 | 00ba 4009 | 0000 7405 | ba50 0900 | 0049 8b34 | 1048 8d76 
  0x00000228ab734ff4: 0149 8934 | 100f 8492 | 0400 0048 | 81c4 8001 

  0x00000228ab735004: ;   {poll_return}
  0x00000228ab735004: 0000 5d49 | 3ba7 4804 | 0000 0f87 | 2011 0000 | c349 8b87 | 0005 0000 | 4d33 d24d | 8997 0005 
  0x00000228ab735024: 0000 4d33 | d24d 8997 | 0805 0000 | 488b b424 | 6001 0000 

  0x00000228ab735038: ;   {metadata(method data for {method} {0x000002288157fe10} 'findClass0' '(Ljava/lang/String;ZZ)Ljava/lang/Class;' in 'org/eclipse/osgi/internal/loader/BundleLoader')}
  0x00000228ab735038: 4885 f649 | b858 118a | 8128 0200 | 00ba e809 | 0000 7505 | baf8 0900 | 0049 8b3c | 1048 8d7f 
  0x00000228ab735058: 0149 893c | 100f 855c | 0000 0048 | 8b94 24a8 | 0000 008b | 7a1c 4885 

  0x00000228ab735070: ;   {metadata(method data for {method} {0x000002288157fe10} 'findClass0' '(Ljava/lang/String;ZZ)Ljava/lang/Class;' in 'org/eclipse/osgi/internal/loader/BundleLoader')}
  0x00000228ab735070: ff49 b858 | 118a 8128 | 0200 00bb | 080a 0000 | 7405 bb18 | 0a00 0049 | 8b04 1848 | 8d40 0149 
  0x00000228ab735090: 8904 180f | 8426 0000 | 004c 8b84 | 24a0 0000 | 0048 8bd7 | 9048 b8f8 | f054 8528 

  0x00000228ab7350ac: ;   {virtual_call}
  0x00000228ab7350ac: 0200 00e8 

  0x00000228ab7350b0: ; ImmutableOopMap {[160]=Oop [168]=Oop [208]=Oop }
                      ;*invokevirtual doBuddyClassLoading {reexecute=0 rethrow=0 return_oop=0}
                      ; - org.eclipse.osgi.internal.loader.BundleLoader::findClass0@421 (line 550)
  0x00000228ab7350b0: 2c97 1d07 

  0x00000228ab7350b4: ;   {other}
  0x00000228ab7350b4: 0f1f 8400 | ac3e 0032 | 488b f048 

  0x00000228ab7350c0: ;   {metadata(method data for {method} {0x000002288157fe10} 'findClass0' '(Ljava/lang/String;ZZ)Ljava/lang/Class;' in 'org/eclipse/osgi/internal/loader/BundleLoader')}
  0x00000228ab7350c0: 85f6 48ba | 5811 8a81 | 2802 0000 | bf68 0a00 | 0075 05bf | 580a 0000 | 488b 1c3a | 488d 5b01 
  0x00000228ab7350e0: 4889 1c3a | 0f85 7803 | 0000 448b | 8c24 b000 | 0000 4585 

  0x00000228ab7350f4: ;   {metadata(method data for {method} {0x000002288157fe10} 'findClass0' '(Ljava/lang/String;ZZ)Ljava/lang/Class;' in 'org/eclipse/osgi/internal/loader/BundleLoader')}
  0x00000228ab7350f4: c948 ba58 | 118a 8128 | 0200 00be | 880a 0000 | 7505 be78 | 0a00 0048 | 8b3c 3248 | 8d7f 0148 
  0x00000228ab735114: 893c 320f | 8524 0000 | 0048 8b9c | 24d0 0000 | 008b bc24 | b400 0000 | 4c8b 8424 | a000 0000 
  0x00000228ab735134: 488b 9424 | a800 0000 | e94b 0600 | 0048 8b94 | 24a8 0000 | 008b 7248 

  0x00000228ab73514c: ;   {metadata(method data for {method} {0x000002288157fe10} 'findClass0' '(Ljava/lang/String;ZZ)Ljava/lang/Class;' in 'org/eclipse/osgi/internal/loader/BundleLoader')}
  0x00000228ab73514c: 4885 f648 | be58 118a | 8128 0200 | 00bf a80a | 0000 7505 | bf98 0a00 | 0048 8b1c | 3e48 8d5b 
  0x00000228ab73516c: 0148 891c | 3e0f 851c | 0000 0048 | 8b9c 24d0 | 0000 008b | bc24 b400 | 0000 4c8b | 8424 a000 
  0x00000228ab73518c: 0000 e9f9 | 0500 008b | b424 e800 | 0000 85f6 

  0x00000228ab73519c: ;   {metadata(method data for {method} {0x000002288157fe10} 'findClass0' '(Ljava/lang/String;ZZ)Ljava/lang/Class;' in 'org/eclipse/osgi/internal/loader/BundleLoader')}
  0x00000228ab73519c: 48be 5811 | 8a81 2802 | 0000 bfc8 | 0a00 0074 | 05bf b80a | 0000 488b | 1c3e 488d | 5b01 4889 
  0x00000228ab7351bc: 1c3e 0f84 | 1c00 0000 | 488b 9c24 | d000 0000 | 8bbc 24b4 | 0000 004c | 8b84 24a0 | 0000 00e9 
  0x00000228ab7351dc: ac05 0000 | 8b72 1448 | 3b06 488b 

  0x00000228ab7351e8: ;   {metadata(method data for {method} {0x000002288157fe10} 'findClass0' '(Ljava/lang/String;ZZ)Ljava/lang/Class;' in 'org/eclipse/osgi/internal/loader/BundleLoader')}
  0x00000228ab7351e8: fe48 bb58 | 118a 8128 

  0x00000228ab7351f0: ;   {metadata('org/eclipse/osgi/internal/framework/EquinoxContainer')}
  0x00000228ab7351f0: 0200 0049 | bab8 8608 | be28 0200 | 004c 8993 | e00a 0000 | 4883 83e8 | 0a00 0001 | 8b76 140f 
  0x00000228ab735210: be76 1e85 

  0x00000228ab735214: ;   {metadata(method data for {method} {0x000002288157fe10} 'findClass0' '(Ljava/lang/String;ZZ)Ljava/lang/Class;' in 'org/eclipse/osgi/internal/loader/BundleLoader')}
  0x00000228ab735214: f648 be58 | 118a 8128 | 0200 00bf | 080b 0000 | 7505 bf18 | 0b00 0048 | 8b1c 3e48 | 8d5b 0148 
  0x00000228ab735234: 891c 3e0f | 858c 0000 | 0048 8bf2 

  0x00000228ab735240: ;   {metadata(method data for {method} {0x000002288157fe10} 'findClass0' '(Ljava/lang/String;ZZ)Ljava/lang/Class;' in 'org/eclipse/osgi/internal/loader/BundleLoader')}
  0x00000228ab735240: 48bf 5811 | 8a81 2802 | 0000 4883 | 8728 0b00 | 0001 488b | f248 8bd6 | 0f1f 8000 

  0x00000228ab73525c: ;   {optimized virtual_call}
  0x00000228ab73525c: 0000 00e8 

  0x00000228ab735260: ; ImmutableOopMap {[160]=Oop [168]=Oop [208]=Oop }
                      ;*invokespecial isRequestFromVM {reexecute=0 rethrow=0 return_oop=0}
                      ; - org.eclipse.osgi.internal.loader.BundleLoader::findClass0@464 (line 556)
  0x00000228ab735260: 7c92 1d07 

  0x00000228ab735264: ;   {other}
  0x00000228ab735264: 0f1f 8400 | 5c40 0033 

  0x00000228ab73526c: ;   {metadata(method data for {method} {0x000002288157fe10} 'findClass0' '(Ljava/lang/String;ZZ)Ljava/lang/Class;' in 'org/eclipse/osgi/internal/loader/BundleLoader')}
  0x00000228ab73526c: 85c0 49b8 | 5811 8a81 | 2802 0000 | 41b9 380b | 0000 7406 | 41b9 480b | 0000 4b8b | 1408 488d 
  0x00000228ab73528c: 5201 4b89 | 1408 0f84 | 0d00 0000 | 488b 9424 | a800 0000 | e924 0000 | 0048 8b9c | 24d0 0000 
  0x00000228ab7352ac: 008b bc24 | b400 0000 | 4c8b 8424 | a000 0000 | 488b 9424 | a800 0000 | e9c3 0400 | 008b 7248 
  0x00000228ab7352cc: ; implicit exception: dispatches to 0x00000228ab736154
  0x00000228ab7352cc: 483b 064c 

  0x00000228ab7352d0: ;   {metadata(method data for {method} {0x000002288157fe10} 'findClass0' '(Ljava/lang/String;ZZ)Ljava/lang/Class;' in 'org/eclipse/osgi/internal/loader/BundleLoader')}
  0x00000228ab7352d0: 8bc6 49b9 | 5811 8a81 | 2802 0000 | 458b 4008 | 49ba 0000 | 00bd 2802 | 0000 4d03 | c24d 3b81 
  0x00000228ab7352f0: 600b 0000 | 750d 4983 | 8168 0b00 | 0001 e960 | 0000 004d | 3b81 700b | 0000 750d | 4983 8178 
  0x00000228ab735310: 0b00 0001 | e94a 0000 | 0049 83b9 | 600b 0000 | 0075 174d | 8981 600b | 0000 49c7 | 8168 0b00 
  0x00000228ab735330: 0001 0000 | 00e9 2900 | 0000 4983 | b970 0b00 | 0000 7517 | 4d89 8170 | 0b00 0049 | c781 780b 
  0x00000228ab735350: 0000 0100 | 0000 e908 | 0000 0049 | 8381 580b 

  0x00000228ab735360: ;   {metadata(method data for {method} {0x00000228bd176d28} 'loadClass' '(Ljava/lang/String;)Ljava/lang/Class;' in 'java/lang/ClassLoader')}
  0x00000228ab735360: 0000 0149 | b848 682c | 8128 0200 | 0045 8b88 | cc00 0000 | 4183 c102 | 4589 88cc | 0000 0041 
  0x00000228ab735380: 81e1 feff | 1f00 4585 | c90f 84ca | 0d00 004c 

  0x00000228ab735390: ;   {metadata(method data for {method} {0x00000228bd176d28} 'loadClass' '(Ljava/lang/String;)Ljava/lang/Class;' in 'java/lang/ClassLoader')}
  0x00000228ab735390: 8bc6 49b9 | 4868 2c81 | 2802 0000 | 458b 4008 | 49ba 0000 | 00bd 2802 | 0000 4d03 | c24d 3b81 
  0x00000228ab7353b0: 2001 0000 | 750d 4983 | 8128 0100 | 0001 e960 | 0000 004d | 3b81 3001 | 0000 750d | 4983 8138 
  0x00000228ab7353d0: 0100 0001 | e94a 0000 | 0049 83b9 | 2001 0000 | 0075 174d | 8981 2001 | 0000 49c7 | 8128 0100 
  0x00000228ab7353f0: 0001 0000 | 00e9 2900 | 0000 4983 | b930 0100 | 0000 7517 | 4d89 8130 | 0100 0049 | c781 3801 
  0x00000228ab735410: 0000 0100 | 0000 e908 | 0000 0049 | 8381 1801 | 0000 014c | 8b84 24a0 | 0000 0041 | b900 0000 
  0x00000228ab735430: 0048 8bd6 | 9048 b820 | f154 8528 

  0x00000228ab73543c: ;   {virtual_call}
  0x00000228ab73543c: 0200 00e8 

  0x00000228ab735440: ; ImmutableOopMap {[160]=Oop [168]=Oop [208]=Oop }
                      ;*invokevirtual loadClass {reexecute=0 rethrow=0 return_oop=0}
                      ; - java.lang.ClassLoader::loadClass@3 (line 528)
                      ; - org.eclipse.osgi.internal.loader.BundleLoader::findClass0@475 (line 559)
  0x00000228ab735440: 9c93 1d07 

  0x00000228ab735444: ;   {other}
  0x00000228ab735444: 0f1f 8400 | 3c42 0034 | 4881 c480 | 0100 005d 

  0x00000228ab735454: ;   {poll_return}
  0x00000228ab735454: 493b a748 | 0400 000f | 8719 0d00 | 00c3 488b | c648 81c4 | 8001 0000 

  0x00000228ab73546c: ;   {poll_return}
  0x00000228ab73546c: 5d49 3ba7 | 4804 0000 | 0f87 160d | 0000 c348 | 81c4 8001 

  0x00000228ab735480: ;   {poll_return}
  0x00000228ab735480: 0000 5d49 | 3ba7 4804 | 0000 0f87 | 160d 0000 | c348 8b94 | 24a8 0000 

  0x00000228ab735498: ;   {metadata(method data for {method} {0x000002288157fe10} 'findClass0' '(Ljava/lang/String;ZZ)Ljava/lang/Class;' in 'org/eclipse/osgi/internal/loader/BundleLoader')}
  0x00000228ab735498: 0049 b858 | 118a 8128 | 0200 0049 | 8380 6009 | 0000 014c | 8b84 24a0 | 0000 0044 | 8b8c 24b4 
  0x00000228ab7354b8: 0000 0048 | 8bbc 24d0 | 0000 0048 | 8b94 24a8 | 0000 000f 

  0x00000228ab7354cc: ;   {optimized virtual_call}
  0x00000228ab7354cc: 1f40 00e8 

  0x00000228ab7354d0: ; ImmutableOopMap {}
                      ;*invokespecial generateException {reexecute=0 rethrow=0 return_oop=0}
                      ; - org.eclipse.osgi.internal.loader.BundleLoader::findClass0@379 (line 538)
  0x00000228ab7354d0: 0c90 1d07 

  0x00000228ab7354d4: ;   {other}
  0x00000228ab7354d4: 0f1f 8400 | cc42 0035 | 4881 c480 | 0100 005d 

  0x00000228ab7354e4: ;   {poll_return}
  0x00000228ab7354e4: 493b a748 | 0400 000f | 87cb 0c00 | 00c3 488b | c648 81c4 | 8001 0000 

  0x00000228ab7354fc: ;   {poll_return}
  0x00000228ab7354fc: 5d49 3ba7 | 4804 0000 | 0f87 c80c | 0000 c348 | 81c4 8001 

  0x00000228ab735510: ;   {poll_return}
  0x00000228ab735510: 0000 5d49 | 3ba7 4804 | 0000 0f87 | c80c 0000 | c348 8b94 | 24a8 0000 

  0x00000228ab735528: ;   {metadata(method data for {method} {0x000002288157fe10} 'findClass0' '(Ljava/lang/String;ZZ)Ljava/lang/Class;' in 'org/eclipse/osgi/internal/loader/BundleLoader')}
  0x00000228ab735528: 0049 b858 | 118a 8128 | 0200 0049 | 8380 c006 | 0000 014c | 8b84 24a0 | 0000 0044 | 8b8c 24b4 
  0x00000228ab735548: 0000 0048 | 8bbc 24d0 | 0000 0048 | 8b94 24a8 | 0000 000f 

  0x00000228ab73555c: ;   {optimized virtual_call}
  0x00000228ab73555c: 1f40 00e8 

  0x00000228ab735560: ; ImmutableOopMap {}
                      ;*invokespecial generateException {reexecute=0 rethrow=0 return_oop=0}
                      ; - org.eclipse.osgi.internal.loader.BundleLoader::findClass0@252 (line 513)
  0x00000228ab735560: 7c8f 1d07 

  0x00000228ab735564: ;   {other}
  0x00000228ab735564: 0f1f 8400 | 5c43 0036 | 4881 c480 | 0100 005d 

  0x00000228ab735574: ;   {poll_return}
  0x00000228ab735574: 493b a748 | 0400 000f | 877d 0c00 | 00c3 4881 | c480 0100 

  0x00000228ab735588: ;   {poll_return}
  0x00000228ab735588: 005d 493b | a748 0400 | 000f 877d | 0c00 00c3 | 4881 c480 | 0100 005d 

  0x00000228ab7355a0: ;   {poll_return}
  0x00000228ab7355a0: 493b a748 | 0400 000f | 877d 0c00 | 00c3 488b | 9424 a800 | 0000 8b52 | 4848 3b02 

  0x00000228ab7355bc: ;   {metadata(method data for {method} {0x000002288157fe10} 'findClass0' '(Ljava/lang/String;ZZ)Ljava/lang/Class;' in 'org/eclipse/osgi/internal/loader/BundleLoader')}
  0x00000228ab7355bc: 4c8b c249 | b958 118a | 8128 0200 | 0045 8b40 | 0849 ba00 | 0000 bd28 | 0200 004d | 03c2 4d3b 
  0x00000228ab7355dc: 81b0 0100 | 0075 0d49 | 8381 b801 | 0000 01e9 | 6000 0000 | 4d3b 81c0 | 0100 0075 | 0d49 8381 
  0x00000228ab7355fc: c801 0000 | 01e9 4a00 | 0000 4983 | b9b0 0100 | 0000 7517 | 4d89 81b0 | 0100 0049 | c781 b801 
  0x00000228ab73561c: 0000 0100 | 0000 e929 | 0000 0049 | 83b9 c001 | 0000 0075 | 174d 8981 | c001 0000 | 49c7 81c8 
  0x00000228ab73563c: 0100 0001 | 0000 00e9 | 0800 0000 | 4983 81a8 | 0100 0001 

  0x00000228ab735650: ;   {metadata(method data for {method} {0x00000228bd176d28} 'loadClass' '(Ljava/lang/String;)Ljava/lang/Class;' in 'java/lang/ClassLoader')}
  0x00000228ab735650: 49b8 4868 | 2c81 2802 | 0000 458b | 88cc 0000 | 0041 83c1 | 0245 8988 | cc00 0000 | 4181 e1fe 
  0x00000228ab735670: ff1f 0045 | 85c9 0f84 | c90b 0000 

  0x00000228ab73567c: ;   {metadata(method data for {method} {0x00000228bd176d28} 'loadClass' '(Ljava/lang/String;)Ljava/lang/Class;' in 'java/lang/ClassLoader')}
  0x00000228ab73567c: 4c8b c249 | b948 682c | 8128 0200 | 0045 8b40 | 0849 ba00 | 0000 bd28 | 0200 004d | 03c2 4d3b 
  0x00000228ab73569c: 8120 0100 | 0075 0d49 | 8381 2801 | 0000 01e9 | 6000 0000 | 4d3b 8130 | 0100 0075 | 0d49 8381 
  0x00000228ab7356bc: 3801 0000 | 01e9 4a00 | 0000 4983 | b920 0100 | 0000 7517 | 4d89 8120 | 0100 0049 | c781 2801 
  0x00000228ab7356dc: 0000 0100 | 0000 e929 | 0000 0049 | 83b9 3001 | 0000 0075 | 174d 8981 | 3001 0000 | 49c7 8138 
  0x00000228ab7356fc: 0100 0001 | 0000 00e9 | 0800 0000 | 4983 8118 | 0100 0001 | 4c8b 8424 | a000 0000 | 41b9 0000 
  0x00000228ab73571c: 0000 0f1f | 8000 0000 | 0048 b848 | f154 8528 

  0x00000228ab73572c: ;   {virtual_call}
  0x00000228ab73572c: 0200 00e8 

  0x00000228ab735730: ; ImmutableOopMap {}
                      ;*invokevirtual loadClass {reexecute=0 rethrow=0 return_oop=0}
                      ; - java.lang.ClassLoader::loadClass@3 (line 528)
                      ; - org.eclipse.osgi.internal.loader.BundleLoader::findClass0@25 (line 470)
  0x00000228ab735730: 1eeb eaff 

  0x00000228ab735734: ;   {other}
  0x00000228ab735734: 0f1f 8400 | 2c45 0037 | 4881 c480 | 0100 005d 

  0x00000228ab735744: ;   {poll_return}
  0x00000228ab735744: 493b a748 | 0400 000f | 8715 0b00 | 00c3 488b | 9424 a800 | 0000 498b | 8700 0500 | 004d 33d2 
  0x00000228ab735764: 4d89 9700 | 0500 004d | 33d2 4d89 | 9708 0500 | 0048 8b9c | 24d0 0000 | 008b bc24 | b400 0000 
  0x00000228ab735784: 4c8b 8424 | a000 0000 

  0x00000228ab73578c: ;   {metadata(method data for {method} {0x000002288157fe10} 'findClass0' '(Ljava/lang/String;ZZ)Ljava/lang/Class;' in 'org/eclipse/osgi/internal/loader/BundleLoader')}
  0x00000228ab73578c: 4c8b ca48 | be58 118a | 8128 0200 | 0048 8386 | 880b 0000 | 014c 8bcf 

  0x00000228ab7357a4: ;   {optimized virtual_call}
  0x00000228ab7357a4: 488b fbe8 

  0x00000228ab7357a8: ; ImmutableOopMap {}
                      ;*invokespecial generateException {reexecute=0 rethrow=0 return_oop=0}
                      ; - org.eclipse.osgi.internal.loader.BundleLoader::findClass0@486 (line 564)
  0x00000228ab7357a8: 348d 1d07 

  0x00000228ab7357ac: ;   {other}
  0x00000228ab7357ac: 0f1f 8400 | a445 0038 | 4881 c480 | 0100 005d 

  0x00000228ab7357bc: ;   {poll_return}
  0x00000228ab7357bc: 493b a748 | 0400 000f | 87b3 0a00 | 00c3 498b | 8700 0500 | 004d 33d2 | 4d89 9700 | 0500 004d 
  0x00000228ab7357dc: 33d2 4d89 | 9708 0500 | 0048 8bf0 | 488d 8424 | 6801 0000 | 488b 5808 | 418b bf18 | 0600 0049 
  0x00000228ab7357fc: 3b5c 3ff8 | 0f85 8c0a | 0000 4183 | af18 0600 | 0008 493b | 5c3f f00f | 842a 0000 | 0048 8b03 
  0x00000228ab73581c: a802 0f85 | 1200 0000 | 488b f848 | 83cf 01f0 | 480f b13b | 0f84 0d00 | 0000 4183 | 8718 0600 
  0x00000228ab73583c: 0008 e94f | 0a00 0049 | ff8f 5005 | 0000 488b | c6e9 890a | 0000 498b | 8700 0500 | 004d 33d2 
  0x00000228ab73585c: 4d89 9700 | 0500 004d | 33d2 4d89 | 9708 0500 | 0048 8bf0 | 488d 8424 | 6801 0000 | 488b 5808 
  0x00000228ab73587c: 418b bf18 | 0600 0049 | 3b5c 3ff8 | 0f85 1a0a | 0000 4183 | af18 0600 | 0008 493b | 5c3f f00f 
  0x00000228ab73589c: 842a 0000 | 0048 8b03 | a802 0f85 | 1200 0000 | 488b f848 | 83cf 01f0 | 480f b13b 

  0x00000228ab7358b8: ;   {no_reloc}
  0x00000228ab7358b8: 0f84 0d00 | 0000 4183 | 8718 0600 | 0008 e9dd | 0900 0049 | ff8f 5005 | 0000 488b | c6e9 010a 
  0x00000228ab7358d8: ;   {metadata({method} {0x000002288157fe10} 'findClass0' '(Ljava/lang/String;ZZ)Ljava/lang/Class;' in 'org/eclipse/osgi/internal/loader/BundleLoader')}
  0x00000228ab7358d8: 0000 49ba | 08fe 5781 | 2802 0000 | 4c89 5424 | 0848 c704 | 24ff ffff 

  0x00000228ab7358f0: ;   {runtime_call counter_overflow Runtime1 stub}
  0x00000228ab7358f0: ffe8 eafa 

  0x00000228ab7358f4: ; ImmutableOopMap {rdx=Oop r8=Oop [160]=Oop [168]=Oop }
                      ;*synchronization entry
                      ; - org.eclipse.osgi.internal.loader.BundleLoader::findClass0@-1 (line 466)
  0x00000228ab7358f4: 2807 e9c3 

  0x00000228ab7358f8: ;   {runtime_call throw_null_pointer_exception Runtime1 stub}
  0x00000228ab7358f8: c1ff ffe8 

  0x00000228ab7358fc: ; ImmutableOopMap {r8=Oop [160]=Oop [168]=Oop }
                      ;*invokevirtual startsWith {reexecute=0 rethrow=0 return_oop=0}
                      ; - org.eclipse.osgi.internal.loader.BundleLoader::findClass0@14 (line 466)
  0x00000228ab7358fc: e091 2807 

  0x00000228ab735900: ;   {metadata({method} {0x00000228bd48bed8} 'startsWith' '(Ljava/lang/String;)Z' in 'java/lang/String')}
  0x00000228ab735900: 49ba d0be | 48bd 2802 | 0000 4c89 | 5424 0848 | c704 24ff 

  0x00000228ab735914: ;   {runtime_call counter_overflow Runtime1 stub}
  0x00000228ab735914: ffff ffe8 

  0x00000228ab735918: ; ImmutableOopMap {r8=Oop [160]=Oop [168]=Oop }
                      ;*synchronization entry
                      ; - java.lang.String::startsWith@-1 (line 2416)
                      ; - org.eclipse.osgi.internal.loader.BundleLoader::findClass0@14 (line 466)
  0x00000228ab735918: c4fa 2807 | e948 c2ff 

  0x00000228ab735920: ;   {metadata({method} {0x000002288157e188} 'getPackageName' '(Ljava/lang/String;)Ljava/lang/String;' in 'org/eclipse/osgi/internal/loader/BundleLoader')}
  0x00000228ab735920: ff49 ba80 | e157 8128 | 0200 004c | 8954 2408 | 48c7 0424 | ffff ffff 

  0x00000228ab735938: ;   {runtime_call counter_overflow Runtime1 stub}
  0x00000228ab735938: e8a3 fa28 

  0x00000228ab73593c: ; ImmutableOopMap {r8=Oop [160]=Oop [168]=Oop }
                      ;*synchronization entry
                      ; - org.eclipse.osgi.internal.loader.BundleLoader::getPackageName@-1 (line 142)
                      ; - org.eclipse.osgi.internal.loader.BundleLoader::findClass0@30 (line 473)
  0x00000228ab73593c: 07e9 d7c2 

  0x00000228ab735940: ;   {runtime_call throw_null_pointer_exception Runtime1 stub}
  0x00000228ab735940: ffff e899 

  0x00000228ab735944: ; ImmutableOopMap {r8=Oop [160]=Oop [168]=Oop }
                      ;*invokevirtual lastIndexOf {reexecute=0 rethrow=0 return_oop=0}
                      ; - org.eclipse.osgi.internal.loader.BundleLoader::getPackageName@7 (line 143)
                      ; - org.eclipse.osgi.internal.loader.BundleLoader::findClass0@30 (line 473)
                      ;   {metadata({method} {0x00000228bd48be28} 'lastIndexOf' '(I)I' in 'java/lang/String')}
  0x00000228ab735944: 9128 0749 | ba20 be48 | bd28 0200 | 004c 8954 | 2408 48c7 | 0424 ffff 

  0x00000228ab73595c: ;   {runtime_call counter_overflow Runtime1 stub}
  0x00000228ab73595c: ffff e87d 

  0x00000228ab735960: ; ImmutableOopMap {r8=Oop [160]=Oop [168]=Oop }
                      ;*synchronization entry
                      ; - java.lang.String::lastIndexOf@-1 (line 2626)
                      ; - org.eclipse.osgi.internal.loader.BundleLoader::getPackageName@7 (line 143)
                      ; - org.eclipse.osgi.internal.loader.BundleLoader::findClass0@30 (line 473)
  0x00000228ab735960: fa28 07e9 | 22c3 ffff 

  0x00000228ab735968: ;   {metadata({method} {0x00000228bd1713d8} 'length' '()I' in 'java/lang/String')}
  0x00000228ab735968: 49ba d013 | 17bd 2802 | 0000 4c89 | 5424 0848 | c704 24ff 

  0x00000228ab73597c: ;   {runtime_call counter_overflow Runtime1 stub}
  0x00000228ab73597c: ffff ffe8 

  0x00000228ab735980: ; ImmutableOopMap {r8=Oop [160]=Oop [168]=Oop }
                      ;*synchronization entry
                      ; - java.lang.String::length@-1 (line 1593)
                      ; - java.lang.String::lastIndexOf@3 (line 2626)
                      ; - org.eclipse.osgi.internal.loader.BundleLoader::getPackageName@7 (line 143)
                      ; - org.eclipse.osgi.internal.loader.BundleLoader::findClass0@30 (line 473)
  0x00000228ab735980: 5cfa 2807 | e942 c3ff 

  0x00000228ab735988: ;   {runtime_call throw_null_pointer_exception Runtime1 stub}
  0x00000228ab735988: ffe8 5291 

  0x00000228ab73598c: ; ImmutableOopMap {r8=Oop [160]=Oop [168]=Oop }
                      ;*arraylength {reexecute=0 rethrow=0 return_oop=0}
                      ; - java.lang.String::length@4 (line 1593)
                      ; - java.lang.String::lastIndexOf@3 (line 2626)
                      ; - org.eclipse.osgi.internal.loader.BundleLoader::getPackageName@7 (line 143)
                      ; - org.eclipse.osgi.internal.loader.BundleLoader::findClass0@30 (line 473)
                      ;   {metadata({method} {0x00000228bd48d110} 'coder' '()B' in 'java/lang/String')}
  0x00000228ab73598c: 2807 49ba | 08d1 48bd | 2802 0000 | 4c89 5424 | 0848 c704 | 24ff ffff 

  0x00000228ab7359a4: ;   {runtime_call counter_overflow Runtime1 stub}
  0x00000228ab7359a4: ffe8 36fa 

  0x00000228ab7359a8: ; ImmutableOopMap {r8=Oop [160]=Oop [168]=Oop }
                      ;*synchronization entry
                      ; - java.lang.String::coder@-1 (line 4911)
                      ; - java.lang.String::length@6 (line 1593)
                      ; - java.lang.String::lastIndexOf@3 (line 2626)
                      ; - org.eclipse.osgi.internal.loader.BundleLoader::getPackageName@7 (line 143)
                      ; - org.eclipse.osgi.internal.loader.BundleLoader::findClass0@30 (line 473)
  0x00000228ab7359a8: 2807 e960 

  0x00000228ab7359ac: ;   {runtime_call throw_null_pointer_exception Runtime1 stub}
  0x00000228ab7359ac: c3ff ffe8 

  0x00000228ab7359b0: ; ImmutableOopMap {rsi=Oop rdx=Oop r8=Oop [160]=Oop [168]=Oop }
                      ;*invokevirtual loaderWithPackage {reexecute=0 rethrow=0 return_oop=0}
                      ; - org.eclipse.osgi.internal.loader.BundleLoader::findClass0@41 (line 474)
  0x00000228ab7359b0: 2c91 2807 

  0x00000228ab7359b4: ;   {metadata({method} {0x00000228814de4d0} 'loaderWithPackage' '(Ljava/lang/String;)Ljava/lang/String;' in 'org/eclipse/osgi/internal/debug/Debug')}
  0x00000228ab7359b4: 49ba c8e4 | 4d81 2802 | 0000 4c89 | 5424 0848 | c704 24ff 

  0x00000228ab7359c8: ;   {runtime_call counter_overflow Runtime1 stub}
  0x00000228ab7359c8: ffff ffe8 

  0x00000228ab7359cc: ; ImmutableOopMap {rsi=Oop rdx=Oop r8=Oop [160]=Oop [168]=Oop }
                      ;*synchronization entry
                      ; - org.eclipse.osgi.internal.debug.Debug::loaderWithPackage@-1 (line 272)
                      ; - org.eclipse.osgi.internal.loader.BundleLoader::findClass0@41 (line 474)
  0x00000228ab7359cc: 10fa 2807 | e976 c4ff 

  0x00000228ab7359d4: ;   {runtime_call throw_null_pointer_exception Runtime1 stub}
  0x00000228ab7359d4: ffe8 0691 

  0x00000228ab7359d8: ; ImmutableOopMap {rsi=Oop rdi=Oop [160]=Oop [168]=Oop }
                      ;*invokeinterface contains {reexecute=0 rethrow=0 return_oop=0}
                      ; - org.eclipse.osgi.internal.debug.Debug::loaderWithPackage@22 (line 275)
                      ; - org.eclipse.osgi.internal.loader.BundleLoader::findClass0@41 (line 474)
                      ;   {metadata(nullptr)}
  0x00000228ab7359d8: 2807 48ba | 0000 0000 | 0000 0000 | b800 0f05 

  0x00000228ab7359e8: ;   {runtime_call load_klass_patching Runtime1 stub}
  0x00000228ab7359e8: 0ae8 72e9 

  0x00000228ab7359ec: ; ImmutableOopMap {r9=Oop [160]=Oop [168]=Oop [184]=Oop [208]=Oop }
                      ;*new {reexecute=1 rethrow=0 return_oop=0}
                      ; - (reexecute) org.eclipse.osgi.internal.loader.BundleLoader::findClass0@57 (line 476)
  0x00000228ab7359ec: 2807 e925 | c6ff ff48 

  0x00000228ab7359f4: ;   {runtime_call fast_new_instance Runtime1 stub}
  0x00000228ab7359f4: 8bd2 e8e5 

  0x00000228ab7359f8: ; ImmutableOopMap {r9=Oop [160]=Oop [168]=Oop [184]=Oop [208]=Oop }
                      ;*new {reexecute=0 rethrow=0 return_oop=0}
                      ; - org.eclipse.osgi.internal.loader.BundleLoader::findClass0@57 (line 476)
  0x00000228ab7359f8: 9928 07e9 | 68c6 ffff 

  0x00000228ab735a00: ;   {metadata({method} {0x00000228bd492ea8} '<init>' '(Ljava/lang/String;)V' in 'java/lang/StringBuilder')}
  0x00000228ab735a00: 49ba a02e | 49bd 2802 | 0000 4c89 | 5424 0848 | c704 24ff 

  0x00000228ab735a14: ;   {runtime_call counter_overflow Runtime1 stub}
  0x00000228ab735a14: ffff ffe8 

  0x00000228ab735a18: ; ImmutableOopMap {r9=Oop rax=Oop [160]=Oop [168]=Oop [184]=Oop [192]=Oop [208]=Oop }
                      ;*synchronization entry
                      ; - java.lang.StringBuilder::<init>@-1 (line 131)
                      ; - org.eclipse.osgi.internal.loader.BundleLoader::findClass0@64 (line 476)
  0x00000228ab735a18: c4f9 2807 | e98d c6ff 

  0x00000228ab735a20: ;   {metadata({method} {0x00000228bd492c40} 'append' '(Ljava/lang/Object;)Ljava/lang/StringBuilder;' in 'java/lang/StringBuilder')}
  0x00000228ab735a20: ff49 ba38 | 2c49 bd28 | 0200 004c | 8954 2408 | 48c7 0424 | ffff ffff 

  0x00000228ab735a38: ;   {runtime_call counter_overflow Runtime1 stub}
  0x00000228ab735a38: e8a3 f928 

  0x00000228ab735a3c: ; ImmutableOopMap {[160]=Oop [168]=Oop [184]=Oop [192]=Oop [200]=Oop [208]=Oop }
                      ;*synchronization entry
                      ; - java.lang.StringBuilder::append@-1 (line 173)
                      ; - org.eclipse.osgi.internal.loader.BundleLoader::findClass0@68 (line 476)
  0x00000228ab735a3c: 07e9 ebc6 

  0x00000228ab735a40: ;   {metadata({method} {0x00000228bd48d428} 'valueOf' '(Ljava/lang/Object;)Ljava/lang/String;' in 'java/lang/String')}
  0x00000228ab735a40: ffff 49ba | 20d4 48bd | 2802 0000 | 4c89 5424 | 0848 c704 | 24ff ffff 

  0x00000228ab735a58: ;   {runtime_call counter_overflow Runtime1 stub}
  0x00000228ab735a58: ffe8 82f9 

  0x00000228ab735a5c: ; ImmutableOopMap {[160]=Oop [168]=Oop [184]=Oop [192]=Oop [200]=Oop [208]=Oop }
                      ;*synchronization entry
                      ; - java.lang.String::valueOf@-1 (line 4556)
                      ; - java.lang.StringBuilder::append@2 (line 173)
                      ; - org.eclipse.osgi.internal.loader.BundleLoader::findClass0@68 (line 476)
  0x00000228ab735a5c: 2807 e903 

  0x00000228ab735a60: ;   {metadata({method} {0x00000228bd492be8} 'append' '(Ljava/lang/String;)Ljava/lang/StringBuilder;' in 'java/lang/StringBuilder')}
  0x00000228ab735a60: c7ff ff49 | bae0 2b49 | bd28 0200 | 004c 8954 | 2408 48c7 | 0424 ffff 

  0x00000228ab735a78: ;   {runtime_call counter_overflow Runtime1 stub}
  0x00000228ab735a78: ffff e861 

  0x00000228ab735a7c: ; ImmutableOopMap {rax=Oop [160]=Oop [168]=Oop [184]=Oop [192]=Oop [200]=Oop [208]=Oop }
                      ;*synchronization entry
                      ; - java.lang.StringBuilder::append@-1 (line 179)
                      ; - java.lang.StringBuilder::append@5 (line 173)
                      ; - org.eclipse.osgi.internal.loader.BundleLoader::findClass0@68 (line 476)
  0x00000228ab735a7c: f928 07e9 | e3c7 ffff 

  0x00000228ab735a84: ;   {metadata({method} {0x00000228bd492be8} 'append' '(Ljava/lang/String;)Ljava/lang/StringBuilder;' in 'java/lang/StringBuilder')}
  0x00000228ab735a84: 49ba e02b | 49bd 2802 | 0000 4c89 | 5424 0848 | c704 24ff 

  0x00000228ab735a98: ;   {runtime_call counter_overflow Runtime1 stub}
  0x00000228ab735a98: ffff ffe8 

  0x00000228ab735a9c: ; ImmutableOopMap {rax=Oop [160]=Oop [168]=Oop [184]=Oop [192]=Oop [200]=Oop [208]=Oop }
                      ;*synchronization entry
                      ; - java.lang.StringBuilder::append@-1 (line 179)
                      ; - org.eclipse.osgi.internal.loader.BundleLoader::findClass0@74 (line 476)
  0x00000228ab735a9c: 40f9 2807 | e93d c8ff 

  0x00000228ab735aa4: ;   {metadata({method} {0x00000228bd492be8} 'append' '(Ljava/lang/String;)Ljava/lang/StringBuilder;' in 'java/lang/StringBuilder')}
  0x00000228ab735aa4: ff49 bae0 | 2b49 bd28 | 0200 004c | 8954 2408 | 48c7 0424 | ffff ffff 

  0x00000228ab735abc: ;   {runtime_call counter_overflow Runtime1 stub}
  0x00000228ab735abc: e81f f928 

  0x00000228ab735ac0: ; ImmutableOopMap {[160]=Oop [168]=Oop [184]=Oop [192]=Oop [200]=Oop [208]=Oop }
                      ;*synchronization entry
                      ; - java.lang.StringBuilder::append@-1 (line 179)
                      ; - org.eclipse.osgi.internal.loader.BundleLoader::findClass0@78 (line 476)
  0x00000228ab735ac0: 07e9 91c8 

  0x00000228ab735ac4: ;   {metadata({method} {0x00000228bd492be8} 'append' '(Ljava/lang/String;)Ljava/lang/StringBuilder;' in 'java/lang/StringBuilder')}
  0x00000228ab735ac4: ffff 49ba | e02b 49bd | 2802 0000 | 4c89 5424 | 0848 c704 | 24ff ffff 

  0x00000228ab735adc: ;   {runtime_call counter_overflow Runtime1 stub}
  0x00000228ab735adc: ffe8 fef8 

  0x00000228ab735ae0: ; ImmutableOopMap {[160]=Oop [168]=Oop [184]=Oop [192]=Oop [200]=Oop [208]=Oop }
                      ;*synchronization entry
                      ; - java.lang.StringBuilder::append@-1 (line 179)
                      ; - org.eclipse.osgi.internal.loader.BundleLoader::findClass0@84 (line 476)
  0x00000228ab735ae0: 2807 e9f0 

  0x00000228ab735ae4: ;   {metadata({method} {0x00000228bd16af10} 'toString' '()Ljava/lang/String;' in 'java/lang/StringBuilder')}
  0x00000228ab735ae4: c8ff ff49 | ba08 af16 | bd28 0200 | 004c 8954 | 2408 48c7 | 0424 ffff 

  0x00000228ab735afc: ;   {runtime_call counter_overflow Runtime1 stub}
  0x00000228ab735afc: ffff e8dd 

  0x00000228ab735b00: ; ImmutableOopMap {[160]=Oop [168]=Oop [184]=Oop [192]=Oop [200]=Oop [208]=Oop }
                      ;*synchronization entry
                      ; - java.lang.StringBuilder::toString@-1 (line 474)
                      ; - org.eclipse.osgi.internal.loader.BundleLoader::findClass0@87 (line 476)
  0x00000228ab735b00: f828 07e9 | 4dc9 ffff 

  0x00000228ab735b08: ;   {metadata({method} {0x00000228bd16af68} 'length' '()I' in 'java/lang/StringBuilder')}
  0x00000228ab735b08: 49ba 60af | 16bd 2802 | 0000 4c89 | 5424 0848 | c704 24ff 

  0x00000228ab735b1c: ;   {runtime_call counter_overflow Runtime1 stub}
  0x00000228ab735b1c: ffff ffe8 

  0x00000228ab735b20: ; ImmutableOopMap {[160]=Oop [168]=Oop [184]=Oop [192]=Oop [200]=Oop [208]=Oop }
                      ;*synchronization entry
                      ; - java.lang.StringBuilder::length@-1 (line 91)
                      ; - java.lang.StringBuilder::toString@1 (line 474)
                      ; - org.eclipse.osgi.internal.loader.BundleLoader::findClass0@87 (line 476)
  0x00000228ab735b20: bcf8 2807 | e96d c9ff | ff48 8bd2 

  0x00000228ab735b2c: ;   {runtime_call fast_new_instance Runtime1 stub}
  0x00000228ab735b2c: e8af 9828 

  0x00000228ab735b30: ; ImmutableOopMap {r8=Oop [160]=Oop [168]=Oop [184]=Oop [192]=Oop [200]=Oop [208]=Oop }
                      ;*new {reexecute=0 rethrow=0 return_oop=0}
                      ; - java.lang.StringBuilder::toString@10 (line 478)
                      ; - org.eclipse.osgi.internal.loader.BundleLoader::findClass0@87 (line 476)
  0x00000228ab735b30: 07e9 0fca 

  0x00000228ab735b34: ;   {runtime_call throw_null_pointer_exception Runtime1 stub}
  0x00000228ab735b34: ffff e8a5 

  0x00000228ab735b38: ; ImmutableOopMap {rsi=Oop r9=Oop [160]=Oop [168]=Oop [184]=Oop [208]=Oop }
                      ;*invokevirtual trace {reexecute=0 rethrow=0 return_oop=0}
                      ; - org.eclipse.osgi.internal.loader.BundleLoader::findClass0@90 (line 476)
                      ;   {metadata({method} {0x00000228814de3e8} 'trace' '(Ljava/lang/String;Ljava/lang/String;)V' in 'org/eclipse/osgi/internal/debug/Debug')}
  0x00000228ab735b38: 8f28 0749 | bae0 e34d | 8128 0200 | 004c 8954 | 2408 48c7 | 0424 ffff 

  0x00000228ab735b50: ;   {runtime_call counter_overflow Runtime1 stub}
  0x00000228ab735b50: ffff e889 

  0x00000228ab735b54: ; ImmutableOopMap {rsi=Oop r9=Oop [160]=Oop [168]=Oop [184]=Oop [208]=Oop }
                      ;*synchronization entry
                      ; - org.eclipse.osgi.internal.debug.Debug::trace@-1 (line 256)
                      ; - org.eclipse.osgi.internal.loader.BundleLoader::findClass0@90 (line 476)
  0x00000228ab735b54: f828 07e9 | 82ca ffff 

  0x00000228ab735b5c: ;   {runtime_call throw_incompatible_class_change_error Runtime1 stub}
  0x00000228ab735b5c: e87f bf28 

  0x00000228ab735b60: ; ImmutableOopMap {rdx=Oop [160]=Oop [168]=Oop [184]=Oop [208]=Oop [224]=Oop }
                      ;*invokeinterface getLogger {reexecute=0 rethrow=0 return_oop=0}
                      ; - org.eclipse.osgi.internal.debug.Debug::trace@11 (line 265)
                      ; - org.eclipse.osgi.internal.loader.BundleLoader::findClass0@90 (line 476)
                      ;   {runtime_call throw_null_pointer_exception Runtime1 stub}
  0x00000228ab735b60: 07e8 7a8f 

  0x00000228ab735b64: ; ImmutableOopMap {rdx=Oop [160]=Oop [168]=Oop [184]=Oop [208]=Oop [224]=Oop }
                      ;*invokeinterface getLogger {reexecute=0 rethrow=0 return_oop=0}
                      ; - org.eclipse.osgi.internal.debug.Debug::trace@11 (line 265)
                      ; - org.eclipse.osgi.internal.loader.BundleLoader::findClass0@90 (line 476)
                      ;   {metadata({method} {0x00000228815047e0} 'getLogger' '(Ljava/lang/String;)Lorg/osgi/service/log/Logger;' in 'org/eclipse/osgi/internal/log/ExtendedLogServiceImpl')}
  0x00000228ab735b64: 2807 49ba | d847 5081 | 2802 0000 | 4c89 5424 | 0848 c704 | 24ff ffff 

  0x00000228ab735b7c: ;   {runtime_call counter_overflow Runtime1 stub}
  0x00000228ab735b7c: ffe8 5ef8 

  0x00000228ab735b80: ; ImmutableOopMap {rdx=Oop [160]=Oop [168]=Oop [184]=Oop [208]=Oop [224]=Oop }
                      ;*synchronization entry
                      ; - org.eclipse.osgi.internal.log.ExtendedLogServiceImpl::getLogger@-1 (line 1)
                      ; - org.eclipse.osgi.internal.debug.Debug::trace@11 (line 265)
                      ; - org.eclipse.osgi.internal.loader.BundleLoader::findClass0@90 (line 476)
  0x00000228ab735b80: 2807 e91a 

  0x00000228ab735b84: ;   {metadata({method} {0x0000022881502068} 'getLogger' '(Ljava/lang/String;)Lorg/eclipse/equinox/log/Logger;' in 'org/eclipse/osgi/internal/log/ExtendedLogServiceImpl')}
  0x00000228ab735b84: cbff ff49 | ba60 2050 | 8128 0200 | 004c 8954 | 2408 48c7 | 0424 ffff 

  0x00000228ab735b9c: ;   {runtime_call counter_overflow Runtime1 stub}
  0x00000228ab735b9c: ffff e83d 

  0x00000228ab735ba0: ; ImmutableOopMap {rdx=Oop [160]=Oop [168]=Oop [184]=Oop [208]=Oop [224]=Oop }
                      ;*synchronization entry
                      ; - org.eclipse.osgi.internal.log.ExtendedLogServiceImpl::getLogger@-1 (line 73)
                      ; - org.eclipse.osgi.internal.log.ExtendedLogServiceImpl::getLogger@2 (line 1)
                      ; - org.eclipse.osgi.internal.debug.Debug::trace@11 (line 265)
                      ; - org.eclipse.osgi.internal.loader.BundleLoader::findClass0@90 (line 476)
  0x00000228ab735ba0: f828 07e9 | 4bcb ffff | 4889 0424 

  0x00000228ab735bac: ;   {runtime_call throw_class_cast_exception Runtime1 stub}
  0x00000228ab735bac: e82f b628 

  0x00000228ab735bb0: ; ImmutableOopMap {[160]=Oop [168]=Oop [184]=Oop [208]=Oop [224]=Oop }
                      ;*checkcast {reexecute=0 rethrow=0 return_oop=0}
                      ; - org.eclipse.osgi.internal.log.ExtendedLogServiceImpl::getLogger@7 (line 73)
                      ; - org.eclipse.osgi.internal.log.ExtendedLogServiceImpl::getLogger@2 (line 1)
                      ; - org.eclipse.osgi.internal.debug.Debug::trace@11 (line 265)
                      ; - org.eclipse.osgi.internal.loader.BundleLoader::findClass0@90 (line 476)
                      ;   {runtime_call throw_null_pointer_exception Runtime1 stub}
  0x00000228ab735bb0: 07e8 2a8f 

  0x00000228ab735bb4: ; ImmutableOopMap {rdx=Oop [160]=Oop [168]=Oop [184]=Oop [208]=Oop [224]=Oop }
                      ;*invokeinterface debug {reexecute=0 rethrow=0 return_oop=0}
                      ; - org.eclipse.osgi.internal.debug.Debug::trace@17 (line 265)
                      ; - org.eclipse.osgi.internal.loader.BundleLoader::findClass0@90 (line 476)
                      ;   {runtime_call throw_null_pointer_exception Runtime1 stub}
  0x00000228ab735bb4: 2807 e825 

  0x00000228ab735bb8: ; ImmutableOopMap {rsi=Oop rdx=Oop [160]=Oop [168]=Oop [184]=Oop [208]=Oop }
                      ;*invokevirtual println {reexecute=0 rethrow=0 return_oop=0}
                      ; - org.eclipse.osgi.internal.debug.Debug::trace@29 (line 267)
                      ; - org.eclipse.osgi.internal.loader.BundleLoader::findClass0@90 (line 476)
                      ;   {runtime_call throw_null_pointer_exception Runtime1 stub}
  0x00000228ab735bb8: 8f28 07e8 

  0x00000228ab735bbc: ; ImmutableOopMap {rdx=Oop rsi=Oop [160]=Oop [168]=Oop [184]=Oop [208]=Oop }
                      ;*invokevirtual isBootDelegationPackage {reexecute=0 rethrow=0 return_oop=0}
                      ; - org.eclipse.osgi.internal.loader.BundleLoader::findClass0@113 (line 480)
  0x00000228ab735bbc: 208f 2807 

  0x00000228ab735bc0: ;   {runtime_call throw_null_pointer_exception Runtime1 stub}
  0x00000228ab735bc0: e81b 8f28 

  0x00000228ab735bc4: ; ImmutableOopMap {rdx=Oop rsi=Oop [160]=Oop [168]=Oop [184]=Oop [208]=Oop }
                      ;*invokevirtual loadClass {reexecute=0 rethrow=0 return_oop=0}
                      ; - org.eclipse.osgi.internal.loader.BundleLoader::findClass0@124 (line 484)
                      ;   {metadata({method} {0x00000228bd176d28} 'loadClass' '(Ljava/lang/String;)Ljava/lang/Class;' in 'java/lang/ClassLoader')}
  0x00000228ab735bc4: 0749 ba20 | 6d17 bd28 | 0200 004c | 8954 2408 | 48c7 0424 | ffff ffff 

  0x00000228ab735bdc: ;   {runtime_call counter_overflow Runtime1 stub}
  0x00000228ab735bdc: e8ff f728 

  0x00000228ab735be0: ; ImmutableOopMap {rdx=Oop rsi=Oop [160]=Oop [168]=Oop [184]=Oop [208]=Oop }
                      ;*synchronization entry
                      ; - java.lang.ClassLoader::loadClass@-1 (line 528)
                      ; - org.eclipse.osgi.internal.loader.BundleLoader::findClass0@124 (line 484)
  0x00000228ab735be0: 07e9 22cf 

  0x00000228ab735be4: ;   {internal_word}
  0x00000228ab735be4: ffff 49ba | cc2b 73ab | 2802 0000 | 4d89 9760 

  0x00000228ab735bf4: ;   {runtime_call SafepointBlob}
  0x00000228ab735bf4: 0400 00e9 | e4ee 1d07 | 4889 0424 

  0x00000228ab735c00: ;   {runtime_call throw_class_cast_exception Runtime1 stub}
  0x00000228ab735c00: e8db b528 

  0x00000228ab735c04: ; ImmutableOopMap {[160]=Oop [168]=Oop [184]=Oop [208]=Oop }
                      ;*checkcast {reexecute=0 rethrow=0 return_oop=0}
                      ; - org.eclipse.osgi.internal.loader.BundleLoader::findClass0@142 (line 492)
                      ;   {metadata({method} {0x0000022881582bb8} 'findImportedSource' '(Ljava/lang/String;Ljava/util/Collection;)Lorg/eclipse/osgi/internal/loader/sources/PackageSource;' in 'org/eclipse/osgi/internal/loader/BundleLoader')}
  0x00000228ab735c04: 0749 bab0 | 2b58 8128 | 0200 004c | 8954 2408 | 48c7 0424 | ffff ffff 

  0x00000228ab735c1c: ;   {runtime_call counter_overflow Runtime1 stub}
  0x00000228ab735c1c: e8bf f728 

  0x00000228ab735c20: ; ImmutableOopMap {[160]=Oop [168]=Oop [184]=Oop [208]=Oop [240]=Oop }
                      ;*synchronization entry
                      ; - org.eclipse.osgi.internal.loader.BundleLoader::findImportedSource@-1 (line 1251)
                      ; - org.eclipse.osgi.internal.loader.BundleLoader::findClass0@164 (line 499)
  0x00000228ab735c20: 07e9 99d1 

  0x00000228ab735c24: ;   {runtime_call throw_null_pointer_exception Runtime1 stub}
  0x00000228ab735c24: ffff e8b5 

  0x00000228ab735c28: ; ImmutableOopMap {rsi=Oop [160]=Oop [168]=Oop [184]=Oop [208]=Oop [240]=Oop }
                      ;*monitorenter {reexecute=0 rethrow=0 return_oop=0}
                      ; - org.eclipse.osgi.internal.loader.BundleLoader::findImportedSource@10 (line 1252)
                      ; - org.eclipse.osgi.internal.loader.BundleLoader::findClass0@164 (line 499)
  0x00000228ab735c28: 8e28 0748 | 8974 2408 | 4c89 0424 

  0x00000228ab735c34: ;   {runtime_call monitorenter_nofpu Runtime1 stub}
  0x00000228ab735c34: e8a7 ca28 

  0x00000228ab735c38: ; ImmutableOopMap {rsi=Oop [160]=Oop [168]=Oop [184]=Oop [208]=Oop [240]=Oop [368]=Oop }
                      ;*monitorenter {reexecute=0 rethrow=0 return_oop=0}
                      ; - org.eclipse.osgi.internal.loader.BundleLoader::findImportedSource@10 (line 1252)
                      ; - org.eclipse.osgi.internal.loader.BundleLoader::findClass0@164 (line 499)
  0x00000228ab735c38: 07e9 28d2 | ffff 4889 

  0x00000228ab735c40: ;   {runtime_call throw_class_cast_exception Runtime1 stub}
  0x00000228ab735c40: 0424 e899 

  0x00000228ab735c44: ; ImmutableOopMap {[160]=Oop [168]=Oop [184]=Oop [208]=Oop [240]=Oop [248]=Oop [368]=Oop }
                      ;*checkcast {reexecute=0 rethrow=0 return_oop=0}
                      ; - org.eclipse.osgi.internal.loader.BundleLoader::findImportedSource@18 (line 1253)
                      ; - org.eclipse.osgi.internal.loader.BundleLoader::findClass0@164 (line 499)
  0x00000228ab735c44: b528 0748 | 8d84 2468 | 0100 0048 

  0x00000228ab735c50: ;   {runtime_call monitorexit_nofpu Runtime1 stub}
  0x00000228ab735c50: 8904 24e8 | 88d0 2807 | e9fe d3ff 

  0x00000228ab735c5c: ;   {metadata(nullptr)}
  0x00000228ab735c5c: ff48 ba00 | 0000 0000 | 0000 00b8 | 000f 050a 

  0x00000228ab735c6c: ;   {runtime_call load_klass_patching Runtime1 stub}
  0x00000228ab735c6c: e8ef e628 

  0x00000228ab735c70: ; ImmutableOopMap {r11=Oop [160]=Oop [168]=Oop [208]=Oop [264]=Oop }
                      ;*new {reexecute=1 rethrow=0 return_oop=0}
                      ; - (reexecute) org.eclipse.osgi.internal.loader.BundleLoader::findClass0@185 (line 502)
  0x00000228ab735c70: 07e9 5ad4 | ffff 488b 

  0x00000228ab735c78: ;   {runtime_call fast_new_instance Runtime1 stub}
  0x00000228ab735c78: d2e8 6297 

  0x00000228ab735c7c: ; ImmutableOopMap {r11=Oop [160]=Oop [168]=Oop [208]=Oop [264]=Oop }
                      ;*new {reexecute=0 rethrow=0 return_oop=0}
                      ; - org.eclipse.osgi.internal.loader.BundleLoader::findClass0@185 (line 502)
  0x00000228ab735c7c: 2807 e99d 

  0x00000228ab735c80: ;   {metadata({method} {0x00000228bd492ea8} '<init>' '(Ljava/lang/String;)V' in 'java/lang/StringBuilder')}
  0x00000228ab735c80: d4ff ff49 | baa0 2e49 | bd28 0200 | 004c 8954 | 2408 48c7 | 0424 ffff 

  0x00000228ab735c98: ;   {runtime_call counter_overflow Runtime1 stub}
  0x00000228ab735c98: ffff e841 

  0x00000228ab735c9c: ; ImmutableOopMap {r11=Oop rax=Oop [160]=Oop [168]=Oop [208]=Oop [264]=Oop }
                      ;*synchronization entry
                      ; - java.lang.StringBuilder::<init>@-1 (line 131)
                      ; - org.eclipse.osgi.internal.loader.BundleLoader::findClass0@192 (line 502)
  0x00000228ab735c9c: f728 07e9 | bad4 ffff 

  0x00000228ab735ca4: ;   {metadata({method} {0x00000228bd492c40} 'append' '(Ljava/lang/Object;)Ljava/lang/StringBuilder;' in 'java/lang/StringBuilder')}
  0x00000228ab735ca4: 49ba 382c | 49bd 2802 | 0000 4c89 | 5424 0848 | c704 24ff 

  0x00000228ab735cb8: ;   {runtime_call counter_overflow Runtime1 stub}
  0x00000228ab735cb8: ffff ffe8 

  0x00000228ab735cbc: ; ImmutableOopMap {[160]=Oop [168]=Oop [208]=Oop [256]=Oop [264]=Oop [272]=Oop }
                      ;*synchronization entry
                      ; - java.lang.StringBuilder::append@-1 (line 173)
                      ; - org.eclipse.osgi.internal.loader.BundleLoader::findClass0@196 (line 502)
  0x00000228ab735cbc: 20f7 2807 | e920 d5ff 

  0x00000228ab735cc4: ;   {metadata({method} {0x00000228bd48d428} 'valueOf' '(Ljava/lang/Object;)Ljava/lang/String;' in 'java/lang/String')}
  0x00000228ab735cc4: ff49 ba20 | d448 bd28 | 0200 004c | 8954 2408 | 48c7 0424 | ffff ffff 

  0x00000228ab735cdc: ;   {runtime_call counter_overflow Runtime1 stub}
  0x00000228ab735cdc: e8ff f628 

  0x00000228ab735ce0: ; ImmutableOopMap {[160]=Oop [168]=Oop [208]=Oop [256]=Oop [264]=Oop [272]=Oop }
                      ;*synchronization entry
                      ; - java.lang.String::valueOf@-1 (line 4556)
                      ; - java.lang.StringBuilder::append@2 (line 173)
                      ; - org.eclipse.osgi.internal.loader.BundleLoader::findClass0@196 (line 502)
  0x00000228ab735ce0: 07e9 38d5 

  0x00000228ab735ce4: ;   {metadata({method} {0x00000228bd492be8} 'append' '(Ljava/lang/String;)Ljava/lang/StringBuilder;' in 'java/lang/StringBuilder')}
  0x00000228ab735ce4: ffff 49ba | e02b 49bd | 2802 0000 | 4c89 5424 | 0848 c704 | 24ff ffff 

  0x00000228ab735cfc: ;   {runtime_call counter_overflow Runtime1 stub}
  0x00000228ab735cfc: ffe8 def6 

  0x00000228ab735d00: ; ImmutableOopMap {rax=Oop [160]=Oop [168]=Oop [208]=Oop [256]=Oop [264]=Oop [272]=Oop }
                      ;*synchronization entry
                      ; - java.lang.StringBuilder::append@-1 (line 179)
                      ; - java.lang.StringBuilder::append@5 (line 173)
                      ; - org.eclipse.osgi.internal.loader.BundleLoader::findClass0@196 (line 502)
  0x00000228ab735d00: 2807 e918 

  0x00000228ab735d04: ;   {metadata({method} {0x00000228bd492be8} 'append' '(Ljava/lang/String;)Ljava/lang/StringBuilder;' in 'java/lang/StringBuilder')}
  0x00000228ab735d04: d6ff ff49 | bae0 2b49 | bd28 0200 | 004c 8954 | 2408 48c7 | 0424 ffff 

  0x00000228ab735d1c: ;   {runtime_call counter_overflow Runtime1 stub}
  0x00000228ab735d1c: ffff e8bd 

  0x00000228ab735d20: ; ImmutableOopMap {[160]=Oop [168]=Oop [208]=Oop [256]=Oop [264]=Oop [272]=Oop }
                      ;*synchronization entry
                      ; - java.lang.StringBuilder::append@-1 (line 179)
                      ; - org.eclipse.osgi.internal.loader.BundleLoader::findClass0@202 (line 502)
  0x00000228ab735d20: f628 07e9 | 6fd6 ffff 

  0x00000228ab735d28: ;   {metadata({method} {0x00000228bd492c40} 'append' '(Ljava/lang/Object;)Ljava/lang/StringBuilder;' in 'java/lang/StringBuilder')}
  0x00000228ab735d28: 49ba 382c | 49bd 2802 | 0000 4c89 | 5424 0848 | c704 24ff 

  0x00000228ab735d3c: ;   {runtime_call counter_overflow Runtime1 stub}
  0x00000228ab735d3c: ffff ffe8 

  0x00000228ab735d40: ; ImmutableOopMap {[160]=Oop [168]=Oop [208]=Oop [256]=Oop [264]=Oop [272]=Oop }
                      ;*synchronization entry
                      ; - java.lang.StringBuilder::append@-1 (line 173)
                      ; - org.eclipse.osgi.internal.loader.BundleLoader::findClass0@207 (line 502)
  0x00000228ab735d40: 9cf6 2807 | e9cc d6ff 

  0x00000228ab735d48: ;   {metadata({method} {0x00000228bd48d428} 'valueOf' '(Ljava/lang/Object;)Ljava/lang/String;' in 'java/lang/String')}
  0x00000228ab735d48: ff49 ba20 | d448 bd28 | 0200 004c | 8954 2408 | 48c7 0424 | ffff ffff 

  0x00000228ab735d60: ;   {runtime_call counter_overflow Runtime1 stub}
  0x00000228ab735d60: e87b f628 

  0x00000228ab735d64: ; ImmutableOopMap {[160]=Oop [168]=Oop [208]=Oop [256]=Oop [264]=Oop [272]=Oop }
                      ;*synchronization entry
                      ; - java.lang.String::valueOf@-1 (line 4556)
                      ; - java.lang.StringBuilder::append@2 (line 173)
                      ; - org.eclipse.osgi.internal.loader.BundleLoader::findClass0@207 (line 502)
  0x00000228ab735d64: 07e9 e4d6 

  0x00000228ab735d68: ;   {runtime_call throw_null_pointer_exception Runtime1 stub}
  0x00000228ab735d68: ffff e871 

  0x00000228ab735d6c: ; ImmutableOopMap {rbx=Oop [160]=Oop [168]=Oop [208]=Oop [256]=Oop [264]=Oop [272]=Oop }
                      ;*invokevirtual toString {reexecute=0 rethrow=0 return_oop=0}
                      ; - java.lang.String::valueOf@11 (line 4556)
                      ; - java.lang.StringBuilder::append@2 (line 173)
                      ; - org.eclipse.osgi.internal.loader.BundleLoader::findClass0@207 (line 502)
                      ;   {metadata({method} {0x00000228bd492be8} 'append' '(Ljava/lang/String;)Ljava/lang/StringBuilder;' in 'java/lang/StringBuilder')}
  0x00000228ab735d6c: 8d28 0749 | bae0 2b49 | bd28 0200 | 004c 8954 | 2408 48c7 | 0424 ffff 

  0x00000228ab735d84: ;   {runtime_call counter_overflow Runtime1 stub}
  0x00000228ab735d84: ffff e855 

  0x00000228ab735d88: ; ImmutableOopMap {rsi=Oop [160]=Oop [168]=Oop [208]=Oop [256]=Oop [264]=Oop [272]=Oop }
                      ;*synchronization entry
                      ; - java.lang.StringBuilder::append@-1 (line 179)
                      ; - java.lang.StringBuilder::append@5 (line 173)
                      ; - org.eclipse.osgi.internal.loader.BundleLoader::findClass0@207 (line 502)
  0x00000228ab735d88: f628 07e9 | 02d8 ffff 

  0x00000228ab735d90: ;   {metadata({method} {0x00000228bd16af10} 'toString' '()Ljava/lang/String;' in 'java/lang/StringBuilder')}
  0x00000228ab735d90: 49ba 08af | 16bd 2802 | 0000 4c89 | 5424 0848 | c704 24ff 

  0x00000228ab735da4: ;   {runtime_call counter_overflow Runtime1 stub}
  0x00000228ab735da4: ffff ffe8 

  0x00000228ab735da8: ; ImmutableOopMap {r8=Oop [160]=Oop [168]=Oop [208]=Oop [264]=Oop [272]=Oop }
                      ;*synchronization entry
                      ; - java.lang.StringBuilder::toString@-1 (line 474)
                      ; - org.eclipse.osgi.internal.loader.BundleLoader::findClass0@210 (line 502)
  0x00000228ab735da8: 34f6 2807 | e957 d8ff 

  0x00000228ab735db0: ;   {metadata({method} {0x00000228bd16af68} 'length' '()I' in 'java/lang/StringBuilder')}
  0x00000228ab735db0: ff49 ba60 | af16 bd28 | 0200 004c | 8954 2408 | 48c7 0424 | ffff ffff 

  0x00000228ab735dc8: ;   {runtime_call counter_overflow Runtime1 stub}
  0x00000228ab735dc8: e813 f628 

  0x00000228ab735dcc: ; ImmutableOopMap {r8=Oop [160]=Oop [168]=Oop [208]=Oop [264]=Oop [272]=Oop }
                      ;*synchronization entry
                      ; - java.lang.StringBuilder::length@-1 (line 91)
                      ; - java.lang.StringBuilder::toString@1 (line 474)
                      ; - org.eclipse.osgi.internal.loader.BundleLoader::findClass0@210 (line 502)
  0x00000228ab735dcc: 07e9 72d8 | ffff 488b 

  0x00000228ab735dd4: ;   {runtime_call fast_new_instance Runtime1 stub}
  0x00000228ab735dd4: d2e8 0696 

  0x00000228ab735dd8: ; ImmutableOopMap {r8=Oop [160]=Oop [168]=Oop [208]=Oop [264]=Oop [272]=Oop }
                      ;*new {reexecute=0 rethrow=0 return_oop=0}
                      ; - java.lang.StringBuilder::toString@10 (line 478)
                      ; - org.eclipse.osgi.internal.loader.BundleLoader::findClass0@210 (line 502)
  0x00000228ab735dd8: 2807 e907 

  0x00000228ab735ddc: ;   {runtime_call throw_null_pointer_exception Runtime1 stub}
  0x00000228ab735ddc: d9ff ffe8 

  0x00000228ab735de0: ; ImmutableOopMap {rsi=Oop r11=Oop [160]=Oop [168]=Oop [208]=Oop [264]=Oop }
                      ;*invokevirtual trace {reexecute=0 rethrow=0 return_oop=0}
                      ; - org.eclipse.osgi.internal.loader.BundleLoader::findClass0@213 (line 502)
  0x00000228ab735de0: fc8c 2807 

  0x00000228ab735de4: ;   {metadata({method} {0x00000228814de3e8} 'trace' '(Ljava/lang/String;Ljava/lang/String;)V' in 'org/eclipse/osgi/internal/debug/Debug')}
  0x00000228ab735de4: 49ba e0e3 | 4d81 2802 | 0000 4c89 | 5424 0848 | c704 24ff 

  0x00000228ab735df8: ;   {runtime_call counter_overflow Runtime1 stub}
  0x00000228ab735df8: ffff ffe8 

  0x00000228ab735dfc: ; ImmutableOopMap {rsi=Oop r11=Oop [160]=Oop [168]=Oop [208]=Oop [264]=Oop }
                      ;*synchronization entry
                      ; - org.eclipse.osgi.internal.debug.Debug::trace@-1 (line 256)
                      ; - org.eclipse.osgi.internal.loader.BundleLoader::findClass0@213 (line 502)
  0x00000228ab735dfc: e0f5 2807 | e984 d9ff 

  0x00000228ab735e04: ;   {runtime_call throw_incompatible_class_change_error Runtime1 stub}
  0x00000228ab735e04: ffe8 d6bc 

  0x00000228ab735e08: ; ImmutableOopMap {rdx=Oop [160]=Oop [168]=Oop [208]=Oop [264]=Oop [288]=Oop }
                      ;*invokeinterface getLogger {reexecute=0 rethrow=0 return_oop=0}
                      ; - org.eclipse.osgi.internal.debug.Debug::trace@11 (line 265)
                      ; - org.eclipse.osgi.internal.loader.BundleLoader::findClass0@213 (line 502)
                      ;   {runtime_call throw_null_pointer_exception Runtime1 stub}
  0x00000228ab735e08: 2807 e8d1 

  0x00000228ab735e0c: ; ImmutableOopMap {rdx=Oop [160]=Oop [168]=Oop [208]=Oop [264]=Oop [288]=Oop }
                      ;*invokeinterface getLogger {reexecute=0 rethrow=0 return_oop=0}
                      ; - org.eclipse.osgi.internal.debug.Debug::trace@11 (line 265)
                      ; - org.eclipse.osgi.internal.loader.BundleLoader::findClass0@213 (line 502)
                      ;   {metadata({method} {0x00000228815047e0} 'getLogger' '(Ljava/lang/String;)Lorg/osgi/service/log/Logger;' in 'org/eclipse/osgi/internal/log/ExtendedLogServiceImpl')}
  0x00000228ab735e0c: 8c28 0749 | bad8 4750 | 8128 0200 | 004c 8954 | 2408 48c7 | 0424 ffff 

  0x00000228ab735e24: ;   {runtime_call counter_overflow Runtime1 stub}
  0x00000228ab735e24: ffff e8b5 

  0x00000228ab735e28: ; ImmutableOopMap {rdx=Oop [160]=Oop [168]=Oop [208]=Oop [264]=Oop [288]=Oop }
                      ;*synchronization entry
                      ; - org.eclipse.osgi.internal.log.ExtendedLogServiceImpl::getLogger@-1 (line 1)
                      ; - org.eclipse.osgi.internal.debug.Debug::trace@11 (line 265)
                      ; - org.eclipse.osgi.internal.loader.BundleLoader::findClass0@213 (line 502)
  0x00000228ab735e28: f528 07e9 | 1cda ffff 

  0x00000228ab735e30: ;   {metadata({method} {0x0000022881502068} 'getLogger' '(Ljava/lang/String;)Lorg/eclipse/equinox/log/Logger;' in 'org/eclipse/osgi/internal/log/ExtendedLogServiceImpl')}
  0x00000228ab735e30: 49ba 6020 | 5081 2802 | 0000 4c89 | 5424 0848 | c704 24ff 

  0x00000228ab735e44: ;   {runtime_call counter_overflow Runtime1 stub}
  0x00000228ab735e44: ffff ffe8 

  0x00000228ab735e48: ; ImmutableOopMap {rdx=Oop [160]=Oop [168]=Oop [208]=Oop [264]=Oop [288]=Oop }
                      ;*synchronization entry
                      ; - org.eclipse.osgi.internal.log.ExtendedLogServiceImpl::getLogger@-1 (line 73)
                      ; - org.eclipse.osgi.internal.log.ExtendedLogServiceImpl::getLogger@2 (line 1)
                      ; - org.eclipse.osgi.internal.debug.Debug::trace@11 (line 265)
                      ; - org.eclipse.osgi.internal.loader.BundleLoader::findClass0@213 (line 502)
  0x00000228ab735e48: 94f5 2807 | e94d daff | ff48 8904 

  0x00000228ab735e54: ;   {runtime_call throw_class_cast_exception Runtime1 stub}
  0x00000228ab735e54: 24e8 86b3 

  0x00000228ab735e58: ; ImmutableOopMap {[160]=Oop [168]=Oop [208]=Oop [264]=Oop [288]=Oop }
                      ;*checkcast {reexecute=0 rethrow=0 return_oop=0}
                      ; - org.eclipse.osgi.internal.log.ExtendedLogServiceImpl::getLogger@7 (line 73)
                      ; - org.eclipse.osgi.internal.log.ExtendedLogServiceImpl::getLogger@2 (line 1)
                      ; - org.eclipse.osgi.internal.debug.Debug::trace@11 (line 265)
                      ; - org.eclipse.osgi.internal.loader.BundleLoader::findClass0@213 (line 502)
                      ;   {runtime_call throw_null_pointer_exception Runtime1 stub}
  0x00000228ab735e58: 2807 e881 

  0x00000228ab735e5c: ; ImmutableOopMap {rdx=Oop [160]=Oop [168]=Oop [208]=Oop [264]=Oop [288]=Oop }
                      ;*invokeinterface debug {reexecute=0 rethrow=0 return_oop=0}
                      ; - org.eclipse.osgi.internal.debug.Debug::trace@17 (line 265)
                      ; - org.eclipse.osgi.internal.loader.BundleLoader::findClass0@213 (line 502)
                      ;   {runtime_call throw_null_pointer_exception Runtime1 stub}
  0x00000228ab735e5c: 8c28 07e8 

  0x00000228ab735e60: ; ImmutableOopMap {rsi=Oop rdx=Oop [160]=Oop [168]=Oop [208]=Oop [264]=Oop }
                      ;*invokevirtual println {reexecute=0 rethrow=0 return_oop=0}
                      ; - org.eclipse.osgi.internal.debug.Debug::trace@29 (line 267)
                      ; - org.eclipse.osgi.internal.loader.BundleLoader::findClass0@213 (line 502)
  0x00000228ab735e60: 7c8c 2807 

  0x00000228ab735e64: ;   {runtime_call throw_null_pointer_exception Runtime1 stub}
  0x00000228ab735e64: e877 8c28 

  0x00000228ab735e68: ; ImmutableOopMap {rbx=Oop [160]=Oop [168]=Oop [208]=Oop [264]=Oop }
                      ;*invokevirtual loadClass {reexecute=0 rethrow=0 return_oop=0}
                      ; - org.eclipse.osgi.internal.loader.BundleLoader::findClass0@219 (line 505)
                      ;   {runtime_call throw_null_pointer_exception Runtime1 stub}
  0x00000228ab735e68: 07e8 728c 

  0x00000228ab735e6c: ; ImmutableOopMap {rax=Oop [160]=Oop [168]=Oop [208]=Oop }
                      ;*invokevirtual publicFindLoaded {reexecute=0 rethrow=0 return_oop=0}
                      ; - org.eclipse.osgi.internal.loader.BundleLoader::findClass0@234 (line 509)
                      ;   {metadata({method} {0x00000228815d3230} 'publicFindLoaded' '(Ljava/lang/String;)Ljava/lang/Class;' in 'org/eclipse/osgi/internal/loader/ModuleClassLoader')}
  0x00000228ab735e6c: 2807 49ba | 2832 5d81 | 2802 0000 | 4c89 5424 | 0848 c704 | 24ff ffff 

  0x00000228ab735e84: ;   {runtime_call counter_overflow Runtime1 stub}
  0x00000228ab735e84: ffe8 56f5 

  0x00000228ab735e88: ; ImmutableOopMap {rax=Oop [160]=Oop [168]=Oop [208]=Oop }
                      ;*synchronization entry
                      ; - org.eclipse.osgi.internal.loader.ModuleClassLoader::publicFindLoaded@-1 (line 323)
                      ; - org.eclipse.osgi.internal.loader.BundleLoader::findClass0@234 (line 509)
  0x00000228ab735e88: 2807 e9c5 

  0x00000228ab735e8c: ;   {metadata({method} {0x00000228815d3f68} 'getClassLoadingLock' '(Ljava/lang/String;)Ljava/lang/Object;' in 'org/eclipse/osgi/internal/loader/ModuleClassLoader')}
  0x00000228ab735e8c: deff ff49 | ba60 3f5d | 8128 0200 | 004c 8954 | 2408 48c7 | 0424 ffff 

  0x00000228ab735ea4: ;   {runtime_call counter_overflow Runtime1 stub}
  0x00000228ab735ea4: ffff e835 

  0x00000228ab735ea8: ; ImmutableOopMap {rax=Oop [160]=Oop [168]=Oop [208]=Oop }
                      ;*synchronization entry
                      ; - org.eclipse.osgi.internal.loader.ModuleClassLoader::getClassLoadingLock@-1 (line 437)
                      ; - org.eclipse.osgi.internal.loader.ModuleClassLoader::publicFindLoaded@2 (line 323)
                      ; - org.eclipse.osgi.internal.loader.BundleLoader::findClass0@234 (line 509)
  0x00000228ab735ea8: f528 07e9 | 61df ffff 

  0x00000228ab735eb0: ;   {runtime_call throw_null_pointer_exception Runtime1 stub}
  0x00000228ab735eb0: e82b 8c28 

  0x00000228ab735eb4: ; ImmutableOopMap {rax=Oop rdx=Oop [160]=Oop [168]=Oop [208]=Oop }
                      ;*invokevirtual getLock {reexecute=0 rethrow=0 return_oop=0}
                      ; - org.eclipse.osgi.internal.loader.ModuleClassLoader::getClassLoadingLock@5 (line 437)
                      ; - org.eclipse.osgi.internal.loader.ModuleClassLoader::publicFindLoaded@2 (line 323)
                      ; - org.eclipse.osgi.internal.loader.BundleLoader::findClass0@234 (line 509)
                      ;   {runtime_call throw_null_pointer_exception Runtime1 stub}
  0x00000228ab735eb4: 07e8 268c 

  0x00000228ab735eb8: ; ImmutableOopMap {rsi=Oop [160]=Oop [168]=Oop [208]=Oop [296]=Oop [304]=Oop }
                      ;*monitorenter {reexecute=0 rethrow=0 return_oop=0}
                      ; - org.eclipse.osgi.internal.loader.ModuleClassLoader::publicFindLoaded@7 (line 323)
                      ; - org.eclipse.osgi.internal.loader.BundleLoader::findClass0@234 (line 509)
  0x00000228ab735eb8: 2807 4889 | 7424 0848 

  0x00000228ab735ec0: ;   {runtime_call monitorenter_nofpu Runtime1 stub}
  0x00000228ab735ec0: 8914 24e8 

  0x00000228ab735ec4: ; ImmutableOopMap {rsi=Oop [160]=Oop [168]=Oop [208]=Oop [296]=Oop [304]=Oop [368]=Oop }
                      ;*monitorenter {reexecute=0 rethrow=0 return_oop=0}
                      ; - org.eclipse.osgi.internal.loader.ModuleClassLoader::publicFindLoaded@7 (line 323)
                      ; - org.eclipse.osgi.internal.loader.BundleLoader::findClass0@234 (line 509)
  0x00000228ab735ec4: 18c8 2807 | e9f1 dfff 

  0x00000228ab735ecc: ;   {metadata({method} {0x00000228bd478ff8} 'findLoadedClass' '(Ljava/lang/String;)Ljava/lang/Class;' in 'java/lang/ClassLoader')}
  0x00000228ab735ecc: ff49 baf0 | 8f47 bd28 | 0200 004c | 8954 2408 | 48c7 0424 | ffff ffff 

  0x00000228ab735ee4: ;   {runtime_call counter_overflow Runtime1 stub}
  0x00000228ab735ee4: e8f7 f428 

  0x00000228ab735ee8: ; ImmutableOopMap {[160]=Oop [168]=Oop [208]=Oop [296]=Oop [304]=Oop [368]=Oop }
                      ;*synchronization entry
                      ; - java.lang.ClassLoader::findLoadedClass@-1 (line 1296)
                      ; - org.eclipse.osgi.internal.loader.ModuleClassLoader::publicFindLoaded@10 (line 324)
                      ; - org.eclipse.osgi.internal.loader.BundleLoader::findClass0@234 (line 509)
  0x00000228ab735ee8: 07e9 11e0 | ffff 488d | 8424 6801 | 0000 4889 

  0x00000228ab735ef8: ;   {runtime_call monitorexit_nofpu Runtime1 stub}
  0x00000228ab735ef8: 0424 e8e1 | cd28 07e9 | fde0 ffff 

  0x00000228ab735f04: ;   {internal_word}
  0x00000228ab735f04: 49ba 3940 | 73ab 2802 | 0000 4d89 | 9760 0400 

  0x00000228ab735f14: ;   {runtime_call SafepointBlob}
  0x00000228ab735f14: 00e9 c6eb 

  0x00000228ab735f18: ;   {metadata(nullptr)}
  0x00000228ab735f18: 1d07 48ba | 0000 0000 | 0000 0000 | b800 0f05 

  0x00000228ab735f28: ;   {runtime_call load_klass_patching Runtime1 stub}
  0x00000228ab735f28: 0ae8 32e4 

  0x00000228ab735f2c: ; ImmutableOopMap {r9=Oop [160]=Oop [168]=Oop [184]=Oop [208]=Oop [320]=Oop }
                      ;*new {reexecute=1 rethrow=0 return_oop=0}
                      ; - (reexecute) org.eclipse.osgi.internal.loader.BundleLoader::findClass0@281 (line 520)
  0x00000228ab735f2c: 2807 e9e5 | e1ff ff48 

  0x00000228ab735f34: ;   {runtime_call fast_new_instance Runtime1 stub}
  0x00000228ab735f34: 8bd2 e8a5 

  0x00000228ab735f38: ; ImmutableOopMap {r9=Oop [160]=Oop [168]=Oop [184]=Oop [208]=Oop [320]=Oop }
                      ;*new {reexecute=0 rethrow=0 return_oop=0}
                      ; - org.eclipse.osgi.internal.loader.BundleLoader::findClass0@281 (line 520)
  0x00000228ab735f38: 9428 07e9 | 28e2 ffff 

  0x00000228ab735f40: ;   {metadata({method} {0x00000228bd492ea8} '<init>' '(Ljava/lang/String;)V' in 'java/lang/StringBuilder')}
  0x00000228ab735f40: 49ba a02e | 49bd 2802 | 0000 4c89 | 5424 0848 | c704 24ff 

  0x00000228ab735f54: ;   {runtime_call counter_overflow Runtime1 stub}
  0x00000228ab735f54: ffff ffe8 

  0x00000228ab735f58: ; ImmutableOopMap {r9=Oop rax=Oop [160]=Oop [168]=Oop [184]=Oop [208]=Oop [320]=Oop }
                      ;*synchronization entry
                      ; - java.lang.StringBuilder::<init>@-1 (line 131)
                      ; - org.eclipse.osgi.internal.loader.BundleLoader::findClass0@288 (line 520)
  0x00000228ab735f58: 84f4 2807 | e945 e2ff 

  0x00000228ab735f60: ;   {metadata({method} {0x00000228bd492c40} 'append' '(Ljava/lang/Object;)Ljava/lang/StringBuilder;' in 'java/lang/StringBuilder')}
  0x00000228ab735f60: ff49 ba38 | 2c49 bd28 | 0200 004c | 8954 2408 | 48c7 0424 | ffff ffff 

  0x00000228ab735f78: ;   {runtime_call counter_overflow Runtime1 stub}
  0x00000228ab735f78: e863 f428 

  0x00000228ab735f7c: ; ImmutableOopMap {[160]=Oop [168]=Oop [184]=Oop [208]=Oop [312]=Oop [320]=Oop [328]=Oop }
                      ;*synchronization entry
                      ; - java.lang.StringBuilder::append@-1 (line 173)
                      ; - org.eclipse.osgi.internal.loader.BundleLoader::findClass0@292 (line 520)
  0x00000228ab735f7c: 07e9 abe2 

  0x00000228ab735f80: ;   {metadata({method} {0x00000228bd48d428} 'valueOf' '(Ljava/lang/Object;)Ljava/lang/String;' in 'java/lang/String')}
  0x00000228ab735f80: ffff 49ba | 20d4 48bd | 2802 0000 | 4c89 5424 | 0848 c704 | 24ff ffff 

  0x00000228ab735f98: ;   {runtime_call counter_overflow Runtime1 stub}
  0x00000228ab735f98: ffe8 42f4 

  0x00000228ab735f9c: ; ImmutableOopMap {[160]=Oop [168]=Oop [184]=Oop [208]=Oop [312]=Oop [320]=Oop [328]=Oop }
                      ;*synchronization entry
                      ; - java.lang.String::valueOf@-1 (line 4556)
                      ; - java.lang.StringBuilder::append@2 (line 173)
                      ; - org.eclipse.osgi.internal.loader.BundleLoader::findClass0@292 (line 520)
  0x00000228ab735f9c: 2807 e9c3 

  0x00000228ab735fa0: ;   {metadata({method} {0x00000228bd492be8} 'append' '(Ljava/lang/String;)Ljava/lang/StringBuilder;' in 'java/lang/StringBuilder')}
  0x00000228ab735fa0: e2ff ff49 | bae0 2b49 | bd28 0200 | 004c 8954 | 2408 48c7 | 0424 ffff 

  0x00000228ab735fb8: ;   {runtime_call counter_overflow Runtime1 stub}
  0x00000228ab735fb8: ffff e821 

  0x00000228ab735fbc: ; ImmutableOopMap {rax=Oop [160]=Oop [168]=Oop [184]=Oop [208]=Oop [312]=Oop [320]=Oop [328]=Oop }
                      ;*synchronization entry
                      ; - java.lang.StringBuilder::append@-1 (line 179)
                      ; - java.lang.StringBuilder::append@5 (line 173)
                      ; - org.eclipse.osgi.internal.loader.BundleLoader::findClass0@292 (line 520)
  0x00000228ab735fbc: f428 07e9 | a3e3 ffff 

  0x00000228ab735fc4: ;   {metadata({method} {0x00000228bd492be8} 'append' '(Ljava/lang/String;)Ljava/lang/StringBuilder;' in 'java/lang/StringBuilder')}
  0x00000228ab735fc4: 49ba e02b | 49bd 2802 | 0000 4c89 | 5424 0848 | c704 24ff 

  0x00000228ab735fd8: ;   {runtime_call counter_overflow Runtime1 stub}
  0x00000228ab735fd8: ffff ffe8 

  0x00000228ab735fdc: ; ImmutableOopMap {[160]=Oop [168]=Oop [184]=Oop [208]=Oop [312]=Oop [320]=Oop [328]=Oop }
                      ;*synchronization entry
                      ; - java.lang.StringBuilder::append@-1 (line 179)
                      ; - org.eclipse.osgi.internal.loader.BundleLoader::findClass0@298 (line 520)
  0x00000228ab735fdc: 00f4 2807 | e9fa e3ff 

  0x00000228ab735fe4: ;   {metadata({method} {0x00000228bd492c40} 'append' '(Ljava/lang/Object;)Ljava/lang/StringBuilder;' in 'java/lang/StringBuilder')}
  0x00000228ab735fe4: ff49 ba38 | 2c49 bd28 | 0200 004c | 8954 2408 | 48c7 0424 | ffff ffff 

  0x00000228ab735ffc: ;   {runtime_call counter_overflow Runtime1 stub}
  0x00000228ab735ffc: e8df f328 

  0x00000228ab736000: ; ImmutableOopMap {[160]=Oop [168]=Oop [184]=Oop [208]=Oop [312]=Oop [320]=Oop [328]=Oop }
                      ;*synchronization entry
                      ; - java.lang.StringBuilder::append@-1 (line 173)
                      ; - org.eclipse.osgi.internal.loader.BundleLoader::findClass0@303 (line 520)
  0x00000228ab736000: 07e9 57e4 

  0x00000228ab736004: ;   {metadata({method} {0x00000228bd48d428} 'valueOf' '(Ljava/lang/Object;)Ljava/lang/String;' in 'java/lang/String')}
  0x00000228ab736004: ffff 49ba | 20d4 48bd | 2802 0000 | 4c89 5424 | 0848 c704 | 24ff ffff 

  0x00000228ab73601c: ;   {runtime_call counter_overflow Runtime1 stub}
  0x00000228ab73601c: ffe8 bef3 

  0x00000228ab736020: ; ImmutableOopMap {[160]=Oop [168]=Oop [184]=Oop [208]=Oop [312]=Oop [320]=Oop [328]=Oop }
                      ;*synchronization entry
                      ; - java.lang.String::valueOf@-1 (line 4556)
                      ; - java.lang.StringBuilder::append@2 (line 173)
                      ; - org.eclipse.osgi.internal.loader.BundleLoader::findClass0@303 (line 520)
  0x00000228ab736020: 2807 e96f 

  0x00000228ab736024: ;   {runtime_call throw_null_pointer_exception Runtime1 stub}
  0x00000228ab736024: e4ff ffe8 

  0x00000228ab736028: ; ImmutableOopMap {rax=Oop [160]=Oop [168]=Oop [184]=Oop [208]=Oop [312]=Oop [320]=Oop [328]=Oop }
                      ;*invokevirtual toString {reexecute=0 rethrow=0 return_oop=0}
                      ; - java.lang.String::valueOf@11 (line 4556)
                      ; - java.lang.StringBuilder::append@2 (line 173)
                      ; - org.eclipse.osgi.internal.loader.BundleLoader::findClass0@303 (line 520)
  0x00000228ab736028: b48a 2807 

  0x00000228ab73602c: ;   {metadata({method} {0x00000228bd492be8} 'append' '(Ljava/lang/String;)Ljava/lang/StringBuilder;' in 'java/lang/StringBuilder')}
  0x00000228ab73602c: 49ba e02b | 49bd 2802 | 0000 4c89 | 5424 0848 | c704 24ff 

  0x00000228ab736040: ;   {runtime_call counter_overflow Runtime1 stub}
  0x00000228ab736040: ffff ffe8 

  0x00000228ab736044: ; ImmutableOopMap {rsi=Oop [160]=Oop [168]=Oop [184]=Oop [208]=Oop [312]=Oop [320]=Oop [328]=Oop }
                      ;*synchronization entry
                      ; - java.lang.StringBuilder::append@-1 (line 179)
                      ; - java.lang.StringBuilder::append@5 (line 173)
                      ; - org.eclipse.osgi.internal.loader.BundleLoader::findClass0@303 (line 520)
  0x00000228ab736044: 98f3 2807 | e98d e5ff 

  0x00000228ab73604c: ;   {metadata({method} {0x00000228bd16af10} 'toString' '()Ljava/lang/String;' in 'java/lang/StringBuilder')}
  0x00000228ab73604c: ff49 ba08 | af16 bd28 | 0200 004c | 8954 2408 | 48c7 0424 | ffff ffff 

  0x00000228ab736064: ;   {runtime_call counter_overflow Runtime1 stub}
  0x00000228ab736064: e877 f328 

  0x00000228ab736068: ; ImmutableOopMap {r8=Oop [160]=Oop [168]=Oop [184]=Oop [208]=Oop [320]=Oop [328]=Oop }
                      ;*synchronization entry
                      ; - java.lang.StringBuilder::toString@-1 (line 474)
                      ; - org.eclipse.osgi.internal.loader.BundleLoader::findClass0@306 (line 520)
  0x00000228ab736068: 07e9 e2e5 

  0x00000228ab73606c: ;   {metadata({method} {0x00000228bd16af68} 'length' '()I' in 'java/lang/StringBuilder')}
  0x00000228ab73606c: ffff 49ba | 60af 16bd | 2802 0000 | 4c89 5424 | 0848 c704 | 24ff ffff 

  0x00000228ab736084: ;   {runtime_call counter_overflow Runtime1 stub}
  0x00000228ab736084: ffe8 56f3 

  0x00000228ab736088: ; ImmutableOopMap {r8=Oop [160]=Oop [168]=Oop [184]=Oop [208]=Oop [320]=Oop [328]=Oop }
                      ;*synchronization entry
                      ; - java.lang.StringBuilder::length@-1 (line 91)
                      ; - java.lang.StringBuilder::toString@1 (line 474)
                      ; - org.eclipse.osgi.internal.loader.BundleLoader::findClass0@306 (line 520)
  0x00000228ab736088: 2807 e9fd | e5ff ff48 

  0x00000228ab736090: ;   {runtime_call fast_new_instance Runtime1 stub}
  0x00000228ab736090: 8bd2 e849 

  0x00000228ab736094: ; ImmutableOopMap {r8=Oop [160]=Oop [168]=Oop [184]=Oop [208]=Oop [320]=Oop [328]=Oop }
                      ;*new {reexecute=0 rethrow=0 return_oop=0}
                      ; - java.lang.StringBuilder::toString@10 (line 478)
                      ; - org.eclipse.osgi.internal.loader.BundleLoader::findClass0@306 (line 520)
  0x00000228ab736094: 9328 07e9 | 92e6 ffff 

  0x00000228ab73609c: ;   {runtime_call throw_null_pointer_exception Runtime1 stub}
  0x00000228ab73609c: e83f 8a28 

  0x00000228ab7360a0: ; ImmutableOopMap {rsi=Oop r9=Oop [160]=Oop [168]=Oop [184]=Oop [208]=Oop [320]=Oop }
                      ;*invokevirtual trace {reexecute=0 rethrow=0 return_oop=0}
                      ; - org.eclipse.osgi.internal.loader.BundleLoader::findClass0@309 (line 519)
                      ;   {metadata({method} {0x00000228814de3e8} 'trace' '(Ljava/lang/String;Ljava/lang/String;)V' in 'org/eclipse/osgi/internal/debug/Debug')}
  0x00000228ab7360a0: 0749 bae0 | e34d 8128 | 0200 004c | 8954 2408 | 48c7 0424 | ffff ffff 

  0x00000228ab7360b8: ;   {runtime_call counter_overflow Runtime1 stub}
  0x00000228ab7360b8: e823 f328 

  0x00000228ab7360bc: ; ImmutableOopMap {rsi=Oop r9=Oop [160]=Oop [168]=Oop [184]=Oop [208]=Oop [320]=Oop }
                      ;*synchronization entry
                      ; - org.eclipse.osgi.internal.debug.Debug::trace@-1 (line 256)
                      ; - org.eclipse.osgi.internal.loader.BundleLoader::findClass0@309 (line 519)
  0x00000228ab7360bc: 07e9 0ce7 

  0x00000228ab7360c0: ;   {runtime_call throw_incompatible_class_change_error Runtime1 stub}
  0x00000228ab7360c0: ffff e819 

  0x00000228ab7360c4: ; ImmutableOopMap {rdx=Oop [160]=Oop [168]=Oop [184]=Oop [208]=Oop [320]=Oop [344]=Oop }
                      ;*invokeinterface getLogger {reexecute=0 rethrow=0 return_oop=0}
                      ; - org.eclipse.osgi.internal.debug.Debug::trace@11 (line 265)
                      ; - org.eclipse.osgi.internal.loader.BundleLoader::findClass0@309 (line 519)
                      ;   {runtime_call throw_null_pointer_exception Runtime1 stub}
  0x00000228ab7360c4: ba28 07e8 

  0x00000228ab7360c8: ; ImmutableOopMap {rdx=Oop [160]=Oop [168]=Oop [184]=Oop [208]=Oop [320]=Oop [344]=Oop }
                      ;*invokeinterface getLogger {reexecute=0 rethrow=0 return_oop=0}
                      ; - org.eclipse.osgi.internal.debug.Debug::trace@11 (line 265)
                      ; - org.eclipse.osgi.internal.loader.BundleLoader::findClass0@309 (line 519)
  0x00000228ab7360c8: 148a 2807 

  0x00000228ab7360cc: ;   {metadata({method} {0x00000228815047e0} 'getLogger' '(Ljava/lang/String;)Lorg/osgi/service/log/Logger;' in 'org/eclipse/osgi/internal/log/ExtendedLogServiceImpl')}
  0x00000228ab7360cc: 49ba d847 | 5081 2802 | 0000 4c89 | 5424 0848 | c704 24ff 

  0x00000228ab7360e0: ;   {runtime_call counter_overflow Runtime1 stub}
  0x00000228ab7360e0: ffff ffe8 

  0x00000228ab7360e4: ; ImmutableOopMap {rdx=Oop [160]=Oop [168]=Oop [184]=Oop [208]=Oop [320]=Oop [344]=Oop }
                      ;*synchronization entry
                      ; - org.eclipse.osgi.internal.log.ExtendedLogServiceImpl::getLogger@-1 (line 1)
                      ; - org.eclipse.osgi.internal.debug.Debug::trace@11 (line 265)
                      ; - org.eclipse.osgi.internal.loader.BundleLoader::findClass0@309 (line 519)
  0x00000228ab7360e4: f8f2 2807 | e9a4 e7ff 

  0x00000228ab7360ec: ;   {metadata({method} {0x0000022881502068} 'getLogger' '(Ljava/lang/String;)Lorg/eclipse/equinox/log/Logger;' in 'org/eclipse/osgi/internal/log/ExtendedLogServiceImpl')}
  0x00000228ab7360ec: ff49 ba60 | 2050 8128 | 0200 004c | 8954 2408 | 48c7 0424 | ffff ffff 

  0x00000228ab736104: ;   {runtime_call counter_overflow Runtime1 stub}
  0x00000228ab736104: e8d7 f228 

  0x00000228ab736108: ; ImmutableOopMap {rdx=Oop [160]=Oop [168]=Oop [184]=Oop [208]=Oop [320]=Oop [344]=Oop }
                      ;*synchronization entry
                      ; - org.eclipse.osgi.internal.log.ExtendedLogServiceImpl::getLogger@-1 (line 73)
                      ; - org.eclipse.osgi.internal.log.ExtendedLogServiceImpl::getLogger@2 (line 1)
                      ; - org.eclipse.osgi.internal.debug.Debug::trace@11 (line 265)
                      ; - org.eclipse.osgi.internal.loader.BundleLoader::findClass0@309 (line 519)
  0x00000228ab736108: 07e9 d5e7 | ffff 4889 

  0x00000228ab736110: ;   {runtime_call throw_class_cast_exception Runtime1 stub}
  0x00000228ab736110: 0424 e8c9 

  0x00000228ab736114: ; ImmutableOopMap {[160]=Oop [168]=Oop [184]=Oop [208]=Oop [320]=Oop [344]=Oop }
                      ;*checkcast {reexecute=0 rethrow=0 return_oop=0}
                      ; - org.eclipse.osgi.internal.log.ExtendedLogServiceImpl::getLogger@7 (line 73)
                      ; - org.eclipse.osgi.internal.log.ExtendedLogServiceImpl::getLogger@2 (line 1)
                      ; - org.eclipse.osgi.internal.debug.Debug::trace@11 (line 265)
                      ; - org.eclipse.osgi.internal.loader.BundleLoader::findClass0@309 (line 519)
                      ;   {runtime_call throw_null_pointer_exception Runtime1 stub}
  0x00000228ab736114: b028 07e8 

  0x00000228ab736118: ; ImmutableOopMap {rdx=Oop [160]=Oop [168]=Oop [184]=Oop [208]=Oop [320]=Oop [344]=Oop }
                      ;*invokeinterface debug {reexecute=0 rethrow=0 return_oop=0}
                      ; - org.eclipse.osgi.internal.debug.Debug::trace@17 (line 265)
                      ; - org.eclipse.osgi.internal.loader.BundleLoader::findClass0@309 (line 519)
  0x00000228ab736118: c489 2807 

  0x00000228ab73611c: ;   {runtime_call throw_null_pointer_exception Runtime1 stub}
  0x00000228ab73611c: e8bf 8928 

  0x00000228ab736120: ; ImmutableOopMap {rsi=Oop rdx=Oop [160]=Oop [168]=Oop [184]=Oop [208]=Oop [320]=Oop }
                      ;*invokevirtual println {reexecute=0 rethrow=0 return_oop=0}
                      ; - org.eclipse.osgi.internal.debug.Debug::trace@29 (line 267)
                      ; - org.eclipse.osgi.internal.loader.BundleLoader::findClass0@309 (line 519)
                      ;   {runtime_call throw_null_pointer_exception Runtime1 stub}
  0x00000228ab736120: 07e8 ba89 

  0x00000228ab736124: ; ImmutableOopMap {rax=Oop [160]=Oop [168]=Oop [184]=Oop [208]=Oop [320]=Oop }
                      ;*invokevirtual loadClass {reexecute=0 rethrow=0 return_oop=0}
                      ; - org.eclipse.osgi.internal.loader.BundleLoader::findClass0@315 (line 523)
  0x00000228ab736124: 2807 4889 

  0x00000228ab736128: ;   {runtime_call throw_class_cast_exception Runtime1 stub}
  0x00000228ab736128: 0424 e8b1 

  0x00000228ab73612c: ; ImmutableOopMap {[160]=Oop [168]=Oop [208]=Oop [352]=Oop }
                      ;*checkcast {reexecute=0 rethrow=0 return_oop=0}
                      ; - org.eclipse.osgi.internal.loader.BundleLoader::findClass0@394 (line 544)
                      ;   {runtime_call throw_null_pointer_exception Runtime1 stub}
  0x00000228ab73612c: b028 07e8 

  0x00000228ab736130: ; ImmutableOopMap {rax=Oop [160]=Oop [168]=Oop [208]=Oop }
                      ;*invokevirtual loadClass {reexecute=0 rethrow=0 return_oop=0}
                      ; - org.eclipse.osgi.internal.loader.BundleLoader::findClass0@361 (line 535)
  0x00000228ab736130: ac89 2807 

  0x00000228ab736134: ;   {internal_word}
  0x00000228ab736134: 49ba 0750 | 73ab 2802 | 0000 4d89 | 9760 0400 

  0x00000228ab736144: ;   {runtime_call SafepointBlob}
  0x00000228ab736144: 00e9 96e9 

  0x00000228ab736148: ;   {runtime_call throw_null_pointer_exception Runtime1 stub}
  0x00000228ab736148: 1d07 e891 

  0x00000228ab73614c: ; ImmutableOopMap {rdx=Oop rsi=Oop [160]=Oop [168]=Oop [208]=Oop }
                      ;*invokevirtual getConfiguration {reexecute=0 rethrow=0 return_oop=0}
                      ; - org.eclipse.osgi.internal.loader.BundleLoader::findClass0@454 (line 556)
                      ;   {runtime_call throw_null_pointer_exception Runtime1 stub}
  0x00000228ab73614c: 8928 07e8 

  0x00000228ab736150: ; ImmutableOopMap {rdx=Oop [160]=Oop [168]=Oop [208]=Oop }
                      ;*getfield compatibilityBootDelegation {reexecute=1 rethrow=0 return_oop=0}
                      ; - (reexecute) org.eclipse.osgi.internal.loader.BundleLoader::findClass0@457 (line 556)
  0x00000228ab736150: 8c89 2807 

  0x00000228ab736154: ;   {runtime_call throw_null_pointer_exception Runtime1 stub}
  0x00000228ab736154: e887 8928 

  0x00000228ab736158: ; ImmutableOopMap {rdx=Oop rsi=Oop [160]=Oop [168]=Oop [208]=Oop }
                      ;*invokevirtual loadClass {reexecute=0 rethrow=0 return_oop=0}
                      ; - org.eclipse.osgi.internal.loader.BundleLoader::findClass0@475 (line 559)
                      ;   {metadata({method} {0x00000228bd176d28} 'loadClass' '(Ljava/lang/String;)Ljava/lang/Class;' in 'java/lang/ClassLoader')}
  0x00000228ab736158: 0749 ba20 | 6d17 bd28 | 0200 004c | 8954 2408 | 48c7 0424 | ffff ffff 

  0x00000228ab736170: ;   {runtime_call counter_overflow Runtime1 stub}
  0x00000228ab736170: e86b f228 

  0x00000228ab736174: ; ImmutableOopMap {rdx=Oop rsi=Oop [160]=Oop [168]=Oop [208]=Oop }
                      ;*synchronization entry
                      ; - java.lang.ClassLoader::loadClass@-1 (line 528)
                      ; - org.eclipse.osgi.internal.loader.BundleLoader::findClass0@475 (line 559)
  0x00000228ab736174: 07e9 15f2 

  0x00000228ab736178: ;   {internal_word}
  0x00000228ab736178: ffff 49ba | 5454 73ab | 2802 0000 | 4d89 9760 

  0x00000228ab736188: ;   {runtime_call SafepointBlob}
  0x00000228ab736188: 0400 00e9 | 50e9 1d07 

  0x00000228ab736190: ;   {internal_word}
  0x00000228ab736190: 49ba 6d54 | 73ab 2802 | 0000 4d89 | 9760 0400 

  0x00000228ab7361a0: ;   {runtime_call SafepointBlob}
  0x00000228ab7361a0: 00e9 3ae9 

  0x00000228ab7361a4: ;   {internal_word}
  0x00000228ab7361a4: 1d07 49ba | 8354 73ab | 2802 0000 | 4d89 9760 

  0x00000228ab7361b4: ;   {runtime_call SafepointBlob}
  0x00000228ab7361b4: 0400 00e9 | 24e9 1d07 

  0x00000228ab7361bc: ;   {internal_word}
  0x00000228ab7361bc: 49ba e454 | 73ab 2802 | 0000 4d89 | 9760 0400 

  0x00000228ab7361cc: ;   {runtime_call SafepointBlob}
  0x00000228ab7361cc: 00e9 0ee9 

  0x00000228ab7361d0: ;   {internal_word}
  0x00000228ab7361d0: 1d07 49ba | fd54 73ab | 2802 0000 | 4d89 9760 

  0x00000228ab7361e0: ;   {runtime_call SafepointBlob}
  0x00000228ab7361e0: 0400 00e9 | f8e8 1d07 

  0x00000228ab7361e8: ;   {internal_word}
  0x00000228ab7361e8: 49ba 1355 | 73ab 2802 | 0000 4d89 | 9760 0400 

  0x00000228ab7361f8: ;   {runtime_call SafepointBlob}
  0x00000228ab7361f8: 00e9 e2e8 

  0x00000228ab7361fc: ;   {internal_word}
  0x00000228ab7361fc: 1d07 49ba | 7455 73ab | 2802 0000 | 4d89 9760 

  0x00000228ab73620c: ;   {runtime_call SafepointBlob}
  0x00000228ab73620c: 0400 00e9 | cce8 1d07 

  0x00000228ab736214: ;   {internal_word}
  0x00000228ab736214: 49ba 8a55 | 73ab 2802 | 0000 4d89 | 9760 0400 

  0x00000228ab736224: ;   {runtime_call SafepointBlob}
  0x00000228ab736224: 00e9 b6e8 

  0x00000228ab736228: ;   {internal_word}
  0x00000228ab736228: 1d07 49ba | a055 73ab | 2802 0000 | 4d89 9760 

  0x00000228ab736238: ;   {runtime_call SafepointBlob}
  0x00000228ab736238: 0400 00e9 | a0e8 1d07 

  0x00000228ab736240: ;   {runtime_call throw_null_pointer_exception Runtime1 stub}
  0x00000228ab736240: e89b 8828 

  0x00000228ab736244: ; ImmutableOopMap {rdx=Oop [160]=Oop }
                      ;*invokevirtual loadClass {reexecute=0 rethrow=0 return_oop=0}
                      ; - org.eclipse.osgi.internal.loader.BundleLoader::findClass0@25 (line 470)
                      ;   {metadata({method} {0x00000228bd176d28} 'loadClass' '(Ljava/lang/String;)Ljava/lang/Class;' in 'java/lang/ClassLoader')}
  0x00000228ab736244: 0749 ba20 | 6d17 bd28 | 0200 004c | 8954 2408 | 48c7 0424 | ffff ffff 

  0x00000228ab73625c: ;   {runtime_call counter_overflow Runtime1 stub}
  0x00000228ab73625c: e87f f128 

  0x00000228ab736260: ; ImmutableOopMap {rdx=Oop [160]=Oop }
                      ;*synchronization entry
                      ; - java.lang.ClassLoader::loadClass@-1 (line 528)
                      ; - org.eclipse.osgi.internal.loader.BundleLoader::findClass0@25 (line 470)
  0x00000228ab736260: 07e9 16f4 

  0x00000228ab736264: ;   {internal_word}
  0x00000228ab736264: ffff 49ba | 4457 73ab | 2802 0000 | 4d89 9760 

  0x00000228ab736274: ;   {runtime_call SafepointBlob}
  0x00000228ab736274: 0400 00e9 | 64e8 1d07 

  0x00000228ab73627c: ;   {internal_word}
  0x00000228ab73627c: 49ba bc57 | 73ab 2802 | 0000 4d89 | 9760 0400 

  0x00000228ab73628c: ;   {runtime_call SafepointBlob}
  0x00000228ab73628c: 00e9 4ee8 | 1d07 488d | 8424 6801 | 0000 4889 

  0x00000228ab73629c: ;   {runtime_call monitorexit_nofpu Runtime1 stub}
  0x00000228ab73629c: 0424 e83d | ca28 07e9 | a2f5 ffff | 488d 8424 | 6801 0000 | 4889 0424 

  0x00000228ab7362b4: ;   {runtime_call monitorexit_nofpu Runtime1 stub}
  0x00000228ab7362b4: e827 ca28 | 07e9 14f6 | ffff 498b | 8700 0500 | 0049 c787 | 0005 0000 | 0000 0000 | 49c7 8708 
  0x00000228ab7362d4: 0500 0000 | 0000 0048 | 81c4 8001 

  0x00000228ab7362e0: ;   {runtime_call unwind_exception Runtime1 stub}
  0x00000228ab7362e0: 0000 5de9 | f872 2807 
[Stub Code]
  0x00000228ab7362e8: ;   {no_reloc}
  0x00000228ab7362e8: 0f1f 4400 

  0x00000228ab7362ec: ;   {static_stub}
  0x00000228ab7362ec: 0048 bb00 | 0000 0000 

  0x00000228ab7362f4: ;   {runtime_call nmethod}
  0x00000228ab7362f4: 0000 00e9 | fbff ffff 

  0x00000228ab7362fc: ;   {static_stub}
  0x00000228ab7362fc: 9048 bb00 | 0000 0000 

  0x00000228ab736304: ;   {runtime_call nmethod}
  0x00000228ab736304: 0000 00e9 | fbff ffff 

  0x00000228ab73630c: ;   {static_stub}
  0x00000228ab73630c: 9048 bb00 | 0000 0000 

  0x00000228ab736314: ;   {runtime_call nmethod}
  0x00000228ab736314: 0000 00e9 | fbff ffff 

  0x00000228ab73631c: ;   {static_stub}
  0x00000228ab73631c: 9048 bb00 | 0000 0000 

  0x00000228ab736324: ;   {runtime_call nmethod}
  0x00000228ab736324: 0000 00e9 | fbff ffff 

  0x00000228ab73632c: ;   {static_stub}
  0x00000228ab73632c: 9048 bb00 | 0000 0000 

  0x00000228ab736334: ;   {runtime_call nmethod}
  0x00000228ab736334: 0000 00e9 | fbff ffff 

  0x00000228ab73633c: ;   {static_stub}
  0x00000228ab73633c: 9048 bb00 | 0000 0000 

  0x00000228ab736344: ;   {runtime_call nmethod}
  0x00000228ab736344: 0000 00e9 | fbff ffff 

  0x00000228ab73634c: ;   {static_stub}
  0x00000228ab73634c: 9048 bb00 | 0000 0000 

  0x00000228ab736354: ;   {runtime_call nmethod}
  0x00000228ab736354: 0000 00e9 | fbff ffff 

  0x00000228ab73635c: ;   {static_stub}
  0x00000228ab73635c: 9048 bb00 | 0000 0000 

  0x00000228ab736364: ;   {runtime_call nmethod}
  0x00000228ab736364: 0000 00e9 | fbff ffff 

  0x00000228ab73636c: ;   {static_stub}
  0x00000228ab73636c: 9048 bb00 | 0000 0000 

  0x00000228ab736374: ;   {runtime_call nmethod}
  0x00000228ab736374: 0000 00e9 | fbff ffff 

  0x00000228ab73637c: ;   {static_stub}
  0x00000228ab73637c: 9048 bb38 | a349 8128 

  0x00000228ab736384: ;   {runtime_call I2C/C2I adapters}
  0x00000228ab736384: 0200 00e9 | 2ad4 1d07 

  0x00000228ab73638c: ;   {static_stub}
  0x00000228ab73638c: 9048 bb00 | 0000 0000 

  0x00000228ab736394: ;   {runtime_call nmethod}
  0x00000228ab736394: 0000 00e9 | fbff ffff 

  0x00000228ab73639c: ;   {static_stub}
  0x00000228ab73639c: 9048 bb00 | 0000 0000 

  0x00000228ab7363a4: ;   {runtime_call nmethod}
  0x00000228ab7363a4: 0000 00e9 | fbff ffff 

  0x00000228ab7363ac: ;   {static_stub}
  0x00000228ab7363ac: 9048 bb00 | 0000 0000 

  0x00000228ab7363b4: ;   {runtime_call nmethod}
  0x00000228ab7363b4: 0000 00e9 | fbff ffff 

  0x00000228ab7363bc: ;   {static_stub}
  0x00000228ab7363bc: 9048 bb00 | 0000 0000 

  0x00000228ab7363c4: ;   {runtime_call nmethod}
  0x00000228ab7363c4: 0000 00e9 | fbff ffff 

  0x00000228ab7363cc: ;   {static_stub}
  0x00000228ab7363cc: 9048 bb00 | 0000 0000 

  0x00000228ab7363d4: ;   {runtime_call nmethod}
  0x00000228ab7363d4: 0000 00e9 | fbff ffff 

  0x00000228ab7363dc: ;   {static_stub}
  0x00000228ab7363dc: 9048 bb00 | 0000 0000 

  0x00000228ab7363e4: ;   {runtime_call nmethod}
  0x00000228ab7363e4: 0000 00e9 | fbff ffff 

  0x00000228ab7363ec: ;   {static_stub}
  0x00000228ab7363ec: 9048 bb00 | 0000 0000 

  0x00000228ab7363f4: ;   {runtime_call nmethod}
  0x00000228ab7363f4: 0000 00e9 | fbff ffff 

  0x00000228ab7363fc: ;   {static_stub}
  0x00000228ab7363fc: 9048 bb00 | 0000 0000 

  0x00000228ab736404: ;   {runtime_call nmethod}
  0x00000228ab736404: 0000 00e9 | fbff ffff 

  0x00000228ab73640c: ;   {static_stub}
  0x00000228ab73640c: 9048 bb00 | 0000 0000 

  0x00000228ab736414: ;   {runtime_call nmethod}
  0x00000228ab736414: 0000 00e9 | fbff ffff 

  0x00000228ab73641c: ;   {static_stub}
  0x00000228ab73641c: 9048 bb00 | 0000 0000 

  0x00000228ab736424: ;   {runtime_call nmethod}
  0x00000228ab736424: 0000 00e9 | fbff ffff 

  0x00000228ab73642c: ;   {static_stub}
  0x00000228ab73642c: 9048 bb00 | 0000 0000 

  0x00000228ab736434: ;   {runtime_call nmethod}
  0x00000228ab736434: 0000 00e9 | fbff ffff 

  0x00000228ab73643c: ;   {static_stub}
  0x00000228ab73643c: 9048 bb00 | 0000 0000 

  0x00000228ab736444: ;   {runtime_call nmethod}
  0x00000228ab736444: 0000 00e9 | fbff ffff 

  0x00000228ab73644c: ;   {static_stub}
  0x00000228ab73644c: 9048 bb00 | 0000 0000 

  0x00000228ab736454: ;   {runtime_call nmethod}
  0x00000228ab736454: 0000 00e9 | fbff ffff 

  0x00000228ab73645c: ;   {static_stub}
  0x00000228ab73645c: 9048 bb00 | 0000 0000 

  0x00000228ab736464: ;   {runtime_call nmethod}
  0x00000228ab736464: 0000 00e9 | fbff ffff 

  0x00000228ab73646c: ;   {static_stub}
  0x00000228ab73646c: 9048 bb00 | 0000 0000 

  0x00000228ab736474: ;   {runtime_call nmethod}
  0x00000228ab736474: 0000 00e9 | fbff ffff 

  0x00000228ab73647c: ;   {static_stub}
  0x00000228ab73647c: 9048 bb00 | 0000 0000 

  0x00000228ab736484: ;   {runtime_call nmethod}
  0x00000228ab736484: 0000 00e9 | fbff ffff 

  0x00000228ab73648c: ;   {static_stub}
  0x00000228ab73648c: 9048 bb00 | 0000 0000 

  0x00000228ab736494: ;   {runtime_call nmethod}
  0x00000228ab736494: 0000 00e9 | fbff ffff 

  0x00000228ab73649c: ;   {static_stub}
  0x00000228ab73649c: 9048 bb00 | 0000 0000 

  0x00000228ab7364a4: ;   {runtime_call nmethod}
  0x00000228ab7364a4: 0000 00e9 | fbff ffff 

  0x00000228ab7364ac: ;   {static_stub}
  0x00000228ab7364ac: 9048 bb00 | 0000 0000 

  0x00000228ab7364b4: ;   {runtime_call nmethod}
  0x00000228ab7364b4: 0000 00e9 | fbff ffff 

  0x00000228ab7364bc: ;   {static_stub}
  0x00000228ab7364bc: 9048 bb00 | 0000 0000 

  0x00000228ab7364c4: ;   {runtime_call nmethod}
  0x00000228ab7364c4: 0000 00e9 | fbff ffff 

  0x00000228ab7364cc: ;   {static_stub}
  0x00000228ab7364cc: 9048 bb00 | 0000 0000 

  0x00000228ab7364d4: ;   {runtime_call nmethod}
  0x00000228ab7364d4: 0000 00e9 | fbff ffff 

  0x00000228ab7364dc: ;   {static_stub}
  0x00000228ab7364dc: 9048 bb00 | 0000 0000 

  0x00000228ab7364e4: ;   {runtime_call nmethod}
  0x00000228ab7364e4: 0000 00e9 | fbff ffff 

  0x00000228ab7364ec: ;   {static_stub}
  0x00000228ab7364ec: 9048 bb00 | 0000 0000 

  0x00000228ab7364f4: ;   {runtime_call nmethod}
  0x00000228ab7364f4: 0000 00e9 | fbff ffff 

  0x00000228ab7364fc: ;   {static_stub}
  0x00000228ab7364fc: 9048 bb00 | 0000 0000 

  0x00000228ab736504: ;   {runtime_call nmethod}
  0x00000228ab736504: 0000 00e9 | fbff ffff 

  0x00000228ab73650c: ;   {static_stub}
  0x00000228ab73650c: 9048 bb00 | 0000 0000 

  0x00000228ab736514: ;   {runtime_call nmethod}
  0x00000228ab736514: 0000 00e9 | fbff ffff 

  0x00000228ab73651c: ;   {static_stub}
  0x00000228ab73651c: 9048 bb00 | 0000 0000 

  0x00000228ab736524: ;   {runtime_call nmethod}
  0x00000228ab736524: 0000 00e9 | fbff ffff 

  0x00000228ab73652c: ;   {static_stub}
  0x00000228ab73652c: 48bb c801 | 5881 2802 

  0x00000228ab736534: ;   {runtime_call I2C/C2I adapters}
  0x00000228ab736534: 0000 e97f 

  0x00000228ab736538: ;   {static_stub}
  0x00000228ab736538: 5c1d 0748 | bb50 2d58 | 8128 0200 

  0x00000228ab736544: ;   {runtime_call I2C/C2I adapters}
  0x00000228ab736544: 00e9 6cd2 

  0x00000228ab736548: ;   {static_stub}
  0x00000228ab736548: 1d07 48bb | 0000 0000 | 0000 0000 

  0x00000228ab736554: ;   {runtime_call nmethod}
  0x00000228ab736554: e9fb ffff 

  0x00000228ab736558: ;   {static_stub}
  0x00000228ab736558: ff48 bb00 | 0000 0000 

  0x00000228ab736560: ;   {runtime_call nmethod}
  0x00000228ab736560: 0000 00e9 | fbff ffff 

  0x00000228ab736568: ;   {static_stub}
  0x00000228ab736568: 48bb 0000 | 0000 0000 

  0x00000228ab736570: ;   {runtime_call nmethod}
  0x00000228ab736570: 0000 e9fb 

  0x00000228ab736574: ;   {static_stub}
  0x00000228ab736574: ffff ff48 | bb00 0000 | 0000 0000 

  0x00000228ab736580: ;   {runtime_call nmethod}
  0x00000228ab736580: 00e9 fbff 

  0x00000228ab736584: ;   {static_stub}
  0x00000228ab736584: ffff 48bb | 3032 5881 | 2802 0000 

  0x00000228ab736590: ;   {runtime_call I2C/C2I adapters}
  0x00000228ab736590: e925 711d 

  0x00000228ab736594: ;   {static_stub}
  0x00000228ab736594: 0748 bb00 | 0000 0000 

  0x00000228ab73659c: ;   {runtime_call nmethod}
  0x00000228ab73659c: 0000 00e9 | fbff ffff 

  0x00000228ab7365a4: ;   {static_stub}
  0x00000228ab7365a4: 48bb 0000 | 0000 0000 

  0x00000228ab7365ac: ;   {runtime_call nmethod}
  0x00000228ab7365ac: 0000 e9fb 

  0x00000228ab7365b0: ;   {static_stub}
  0x00000228ab7365b0: ffff ff48 | bb00 0000 | 0000 0000 

  0x00000228ab7365bc: ;   {runtime_call nmethod}
  0x00000228ab7365bc: 00e9 fbff 

  0x00000228ab7365c0: ;   {static_stub}
  0x00000228ab7365c0: ffff 48bb | 0000 0000 | 0000 0000 

  0x00000228ab7365cc: ;   {runtime_call nmethod}
  0x00000228ab7365cc: e9fb ffff 

  0x00000228ab7365d0: ;   {static_stub}
  0x00000228ab7365d0: ff48 bb00 | 0000 0000 

  0x00000228ab7365d8: ;   {runtime_call nmethod}
  0x00000228ab7365d8: 0000 00e9 | fbff ffff 

  0x00000228ab7365e0: ;   {static_stub}
  0x00000228ab7365e0: 48bb 0000 | 0000 0000 

  0x00000228ab7365e8: ;   {runtime_call nmethod}
  0x00000228ab7365e8: 0000 e9fb 

  0x00000228ab7365ec: ;   {static_stub}
  0x00000228ab7365ec: ffff ff48 | bb00 0000 | 0000 0000 

  0x00000228ab7365f8: ;   {runtime_call nmethod}
  0x00000228ab7365f8: 00e9 fbff 

  0x00000228ab7365fc: ;   {runtime_call handle_exception_from_callee Runtime1 stub}
  0x00000228ab7365fc: ffff e8dd 

  0x00000228ab736600: ;   {external_word}
  0x00000228ab736600: a228 0748 | b940 d552 | 55fb 7f00 | 0048 83e4 

  0x00000228ab736610: ;   {runtime_call}
  0x00000228ab736610: f048 b870 | 4a19 55fb | 7f00 00ff 

  0x00000228ab73661c: ;   {section_word}
  0x00000228ab73661c: d0f4 49ba | 1e66 73ab | 2802 0000 

  0x00000228ab736628: ;   {runtime_call DeoptimizationBlob}
  0x00000228ab736628: 4152 e951 | d71d 07f4 
[/MachCode]


---------------  P R O C E S S  ---------------

Threads class SMR info:
_java_thread_list=0x0000022885c04d30, length=19, elements={
0x00000228a099aa70, 0x00000228fef9ab60, 0x00000228fef9c6a0, 0x00000228fefa23b0,
0x00000228fefa6330, 0x00000228fefa7010, 0x00000228fefa7a70, 0x00000228fefa8800,
0x00000228bc91d6e0, 0x00000228ff0af1c0, 0x00000228ff0c9590, 0x00000228ff0c8120,
0x00000228ff0cb0d0, 0x0000022885082ca0, 0x0000022885980e90, 0x00000228859d6aa0,
0x0000022885bf2a00, 0x00000228859d1050, 0x00000228ff0caa00
}

Java Threads: ( => current thread )
  0x00000228a099aa70 JavaThread "main"                              [_thread_blocked, id=29232, stack(0x000000d560100000,0x000000d560200000) (1024K)]
  0x00000228fef9ab60 JavaThread "Reference Handler"          daemon [_thread_blocked, id=28760, stack(0x000000d560500000,0x000000d560600000) (1024K)]
  0x00000228fef9c6a0 JavaThread "Finalizer"                  daemon [_thread_blocked, id=20148, stack(0x000000d560600000,0x000000d560700000) (1024K)]
  0x00000228fefa23b0 JavaThread "Signal Dispatcher"          daemon [_thread_blocked, id=28908, stack(0x000000d560700000,0x000000d560800000) (1024K)]
  0x00000228fefa6330 JavaThread "Attach Listener"            daemon [_thread_blocked, id=28676, stack(0x000000d560800000,0x000000d560900000) (1024K)]
  0x00000228fefa7010 JavaThread "Service Thread"             daemon [_thread_blocked, id=28812, stack(0x000000d560900000,0x000000d560a00000) (1024K)]
  0x00000228fefa7a70 JavaThread "Monitor Deflation Thread"   daemon [_thread_blocked, id=29076, stack(0x000000d560a00000,0x000000d560b00000) (1024K)]
  0x00000228fefa8800 JavaThread "C2 CompilerThread0"         daemon [_thread_in_native, id=29080, stack(0x000000d560b00000,0x000000d560c00000) (1024K)]
  0x00000228bc91d6e0 JavaThread "C1 CompilerThread0"         daemon [_thread_blocked, id=27480, stack(0x000000d560c00000,0x000000d560d00000) (1024K)]
  0x00000228ff0af1c0 JavaThread "Common-Cleaner"             daemon [_thread_blocked, id=28736, stack(0x000000d560d00000,0x000000d560e00000) (1024K)]
  0x00000228ff0c9590 JavaThread "C1 CompilerThread1"         daemon [_thread_blocked, id=29124, stack(0x000000d560e00000,0x000000d560f00000) (1024K)]
  0x00000228ff0c8120 JavaThread "C1 CompilerThread2"         daemon [_thread_blocked, id=29128, stack(0x000000d560f00000,0x000000d561000000) (1024K)]
  0x00000228ff0cb0d0 JavaThread "C1 CompilerThread3"         daemon [_thread_blocked, id=27624, stack(0x000000d561000000,0x000000d561100000) (1024K)]
  0x0000022885082ca0 JavaThread "Notification Thread"        daemon [_thread_blocked, id=12416, stack(0x000000d561200000,0x000000d561300000) (1024K)]
  0x0000022885980e90 JavaThread "Active Thread: Equinox Container: d90d4282-faa2-463d-a3a0-18a54c9de5ac"        [_thread_blocked, id=29248, stack(0x000000d561900000,0x000000d561a00000) (1024K)]
  0x00000228859d6aa0 JavaThread "Framework Event Dispatcher: Equinox Container: d90d4282-faa2-463d-a3a0-18a54c9de5ac" daemon [_thread_blocked, id=22844, stack(0x000000d561c00000,0x000000d561d00000) (1024K)]
=>0x0000022885bf2a00 JavaThread "Start Level: Equinox Container: d90d4282-faa2-463d-a3a0-18a54c9de5ac" daemon [_thread_in_vm, id=3140, stack(0x000000d561d00000,0x000000d561e00000) (1024K)]
  0x00000228859d1050 JavaThread "SCR Component Actor"        daemon [_thread_blocked, id=2420, stack(0x000000d561100000,0x000000d561200000) (1024K)]
  0x00000228ff0caa00 JavaThread "C2 CompilerThread1"         daemon [_thread_in_native, id=29596, stack(0x000000d561e00000,0x000000d561f00000) (1024K)]
Total: 19

Other Threads:
  0x00000228a2dfe7e0 VMThread "VM Thread"                           [id=5972, stack(0x000000d560400000,0x000000d560500000) (1024K)]
  0x00000228bc7fca00 WatcherThread "VM Periodic Task Thread"        [id=28868, stack(0x000000d560300000,0x000000d560400000) (1024K)]
  0x00000228a2d61d20 WorkerThread "GC Thread#0"                     [id=28856, stack(0x000000d560200000,0x000000d560300000) (1024K)]
  0x000002288557e220 WorkerThread "GC Thread#1"                     [id=28800, stack(0x000000d561300000,0x000000d561400000) (1024K)]
  0x0000022885582960 WorkerThread "GC Thread#2"                     [id=12780, stack(0x000000d561400000,0x000000d561500000) (1024K)]
  0x0000022885582d10 WorkerThread "GC Thread#3"                     [id=29296, stack(0x000000d561500000,0x000000d561600000) (1024K)]
  0x00000228855830c0 WorkerThread "GC Thread#4"                     [id=28564, stack(0x000000d561600000,0x000000d561700000) (1024K)]
  0x0000022885632980 WorkerThread "GC Thread#5"                     [id=26616, stack(0x000000d561700000,0x000000d561800000) (1024K)]
  0x0000022885632d30 WorkerThread "GC Thread#6"                     [id=28744, stack(0x000000d561800000,0x000000d561900000) (1024K)]
  0x0000022885c3c9f0 WorkerThread "GC Thread#7"                     [id=28476, stack(0x000000d561a00000,0x000000d561b00000) (1024K)]
  0x0000022885c3cda0 WorkerThread "GC Thread#8"                     [id=29372, stack(0x000000d561b00000,0x000000d561c00000) (1024K)]
Total: 11

Threads with active compile tasks:
C2 CompilerThread0  2511 2157 %     4       java.io.DataInputStream::readUTF @ 88 (497 bytes)
C2 CompilerThread1  2511 2152       4       java.io.DataInputStream::readFully (59 bytes)
Total: 2

VM state: not at safepoint (normal execution)

VM Mutex/Monitor currently owned by a thread:  ([mutex/lock_event])
[0x00007ffb557d1890] Metaspace_lock - owner thread: 0x0000022885bf2a00

Heap address: 0x0000000080000000, size: 2048 MB, Compressed Oops mode: 32-bit

CDS archive(s) mapped at: [0x00000228bd000000-0x00000228bdd70000-0x00000228bdd70000), size 14090240, SharedBaseAddress: 0x00000228bd000000, ArchiveRelocationMode: 1.
Compressed class space mapped at: 0x00000228be000000-0x00000228fe000000, reserved size: 1073741824
Narrow klass base: 0x00000228bd000000, Narrow klass shift: 0, Narrow klass range: 0x41000000

GC Precious Log:
 CardTable entry size: 512
 CPUs: 20 total, 20 available
 Memory: 16108M
 Large Page Support: Disabled
 NUMA Support: Disabled
 Compressed Oops: Enabled (32-bit)
 Alignments: Space 512K, Generation 512K, Heap 2M
 Heap Min Capacity: 100M
 Heap Initial Capacity: 100M
 Heap Max Capacity: 2G
 Pre-touch: Disabled
 Parallel Workers: 15

Heap:
 PSYoungGen      total 29696K, used 21978K [0x00000000d5580000, 0x00000000d7680000, 0x0000000100000000)
  eden space 25600K, 69% used [0x00000000d5580000,0x00000000d66f7380,0x00000000d6e80000)
  from space 4096K, 99% used [0x00000000d7280000,0x00000000d767f810,0x00000000d7680000)
  to   space 4096K, 0% used [0x00000000d6e80000,0x00000000d6e80000,0x00000000d7280000)
 ParOldGen       total 68608K, used 1019K [0x0000000080000000, 0x0000000084300000, 0x00000000d5580000)
  object space 68608K, 1% used [0x0000000080000000,0x00000000800feec8,0x0000000084300000)
 Metaspace       used 11351K, committed 11712K, reserved 1114112K
  class space    used 1238K, committed 1408K, reserved 1048576K

Card table byte_map: [0x00000228a2790000,0x00000228a2b90000] _byte_map_base: 0x00000228a2390000

Marking Bits: (ParMarkBitMap*) 0x00007ffb557d8760
 Begin Bits: [0x00000228ba720000, 0x00000228bc720000)

Polling page: 0x00000228a0bb0000

Metaspace:

Usage:
  Non-class:      9.88 MB used.
      Class:      1.21 MB used.
       Both:     11.09 MB used.

Virtual space:
  Non-class space:       64.00 MB reserved,      10.06 MB ( 16%) committed,  1 nodes.
      Class space:        1.00 GB reserved,       1.38 MB ( <1%) committed,  1 nodes.
             Both:        1.06 GB reserved,      11.44 MB (  1%) committed. 

Chunk freelists:
   Non-Class:  5.44 MB
       Class:  14.43 MB
        Both:  19.87 MB

MaxMetaspaceSize: unlimited
CompressedClassSpaceSize: 1.00 GB
Initial GC threshold: 21.00 MB
Current GC threshold: 21.00 MB
CDS: on
 - commit_granule_bytes: 65536.
 - commit_granule_words: 8192.
 - virtual_space_node_default_size: 8388608.
 - enlarge_chunks_in_place: 1.
 - use_allocation_guard: 0.


Internal statistics:

num_allocs_failed_limit: 0.
num_arena_births: 252.
num_arena_deaths: 0.
num_vsnodes_births: 2.
num_vsnodes_deaths: 0.
num_space_committed: 183.
num_space_uncommitted: 0.
num_chunks_returned_to_freelist: 0.
num_chunks_taken_from_freelist: 538.
num_chunk_merges: 0.
num_chunk_splits: 345.
num_chunks_enlarged: 240.
num_inconsistent_stats: 0.

CodeHeap 'non-profiled nmethods': size=119232Kb used=690Kb max_used=690Kb free=118541Kb
 bounds [0x00000228b3000000, 0x00000228b3270000, 0x00000228ba470000]
CodeHeap 'profiled nmethods': size=119104Kb used=2989Kb max_used=2989Kb free=116114Kb
 bounds [0x00000228ab470000, 0x00000228ab760000, 0x00000228b28c0000]
CodeHeap 'non-nmethods': size=7424Kb used=2931Kb max_used=2958Kb free=4492Kb
 bounds [0x00000228b28c0000, 0x00000228b2bb0000, 0x00000228b3000000]
CodeCache: size=245760Kb, used=6610Kb, max_used=6637Kb, free=239147Kb
 total_blobs=2665, nmethods=2153, adapters=416, full_count=0
Compilation: enabled, stopped_count=0, restarted_count=0

Compilation events (20 events):
Event: 2.209 Thread 0x00000228fefa8800 nmethod 2136 0x00000228b30aa388 code [0x00000228b30aa4e0, 0x00000228b30aabc8]
Event: 2.209 Thread 0x00000228ff0c8120 nmethod 2144 0x00000228ab757d88 code [0x00000228ab757ee0, 0x00000228ab7581e0]
Event: 2.210 Thread 0x00000228ff0c9590 2145       3       java.lang.invoke.MemberName::<init> (139 bytes)
Event: 2.210 Thread 0x00000228ff0c9590 nmethod 2145 0x00000228ab758208 code [0x00000228ab7584a0, 0x00000228ab7595e8]
Event: 2.211 Thread 0x00000228ff0c9590 2147       3       java.lang.invoke.MethodHandleNatives::canBeCalledVirtual (49 bytes)
Event: 2.212 Thread 0x00000228ff0c9590 nmethod 2147 0x00000228ab759688 code [0x00000228ab759800, 0x00000228ab759c78]
Event: 2.216 Thread 0x00000228ff0c9590 2149  s    3       jdk.internal.loader.Resource::cachedInputStream (20 bytes)
Event: 2.217 Thread 0x00000228ff0c9590 nmethod 2149 0x00000228ab759d08 code [0x00000228ab759e40, 0x00000228ab75a1c8]
Event: 2.218 Thread 0x00000228fefa8800 2150       4       java.lang.Object::equals (11 bytes)
Event: 2.219 Thread 0x00000228fefa8800 nmethod 2150 0x00000228b30ab288 code [0x00000228b30ab380, 0x00000228b30ab400]
Event: 2.221 Thread 0x00000228fefa8800 2151   !   4       java.io.BufferedInputStream::read (69 bytes)
Event: 2.227 Thread 0x00000228ff0c8120 2158       1       org.eclipse.osgi.storage.BundleInfo::getBundleId (5 bytes)
Event: 2.227 Thread 0x00000228ff0c8120 nmethod 2158 0x00000228b30ab588 code [0x00000228b30ab6a0, 0x00000228b30ab768]
Event: 2.230 Thread 0x00000228ff0c8120 2159       3       org.eclipse.osgi.internal.framework.EquinoxBundle::getState (101 bytes)
Event: 2.230 Thread 0x00000228ff0c9590 2160   !   3       org.eclipse.osgi.internal.framework.EquinoxBundle::$SWITCH_TABLE$org$eclipse$osgi$container$Module$State (115 bytes)
Event: 2.231 Thread 0x00000228ff0c9590 nmethod 2160 0x00000228ab75a208 code [0x00000228ab75a380, 0x00000228ab75a8d0]
Event: 2.231 Thread 0x00000228ff0c8120 nmethod 2159 0x00000228ab75a908 code [0x00000228ab75ab00, 0x00000228ab75b4c8]
Event: 2.231 Thread 0x00000228ff0caa00 2152       4       java.io.DataInputStream::readFully (59 bytes)
Event: 2.239 Thread 0x00000228fefa8800 nmethod 2151 0x00000228b30ab888 code [0x00000228b30abaa0, 0x00000228b30ac948]
Event: 2.239 Thread 0x00000228fefa8800 2157 %     4       java.io.DataInputStream::readUTF @ 88 (497 bytes)

GC Heap History (4 events):
Event: 1.039 GC heap before
{Heap before GC invocations=1 (full 0):
 PSYoungGen      total 29696K, used 25594K [0x00000000d5580000, 0x00000000d7680000, 0x0000000100000000)
  eden space 25600K, 99% used [0x00000000d5580000,0x00000000d6e7ebb0,0x00000000d6e80000)
  from space 4096K, 0% used [0x00000000d7280000,0x00000000d7280000,0x00000000d7680000)
  to   space 4096K, 0% used [0x00000000d6e80000,0x00000000d6e80000,0x00000000d7280000)
 ParOldGen       total 68608K, used 0K [0x0000000080000000, 0x0000000084300000, 0x00000000d5580000)
  object space 68608K, 0% used [0x0000000080000000,0x0000000080000000,0x0000000084300000)
 Metaspace       used 4509K, committed 4736K, reserved 1114112K
  class space    used 505K, committed 640K, reserved 1048576K
}
Event: 1.048 GC heap after
{Heap after GC invocations=1 (full 0):
 PSYoungGen      total 29696K, used 3199K [0x00000000d5580000, 0x00000000d7680000, 0x0000000100000000)
  eden space 25600K, 0% used [0x00000000d5580000,0x00000000d5580000,0x00000000d6e80000)
  from space 4096K, 78% used [0x00000000d6e80000,0x00000000d719ff08,0x00000000d7280000)
  to   space 4096K, 0% used [0x00000000d7280000,0x00000000d7280000,0x00000000d7680000)
 ParOldGen       total 68608K, used 16K [0x0000000080000000, 0x0000000084300000, 0x00000000d5580000)
  object space 68608K, 0% used [0x0000000080000000,0x0000000080004000,0x0000000084300000)
 Metaspace       used 4509K, committed 4736K, reserved 1114112K
  class space    used 505K, committed 640K, reserved 1048576K
}
Event: 1.712 GC heap before
{Heap before GC invocations=2 (full 0):
 PSYoungGen      total 29696K, used 28799K [0x00000000d5580000, 0x00000000d7680000, 0x0000000100000000)
  eden space 25600K, 100% used [0x00000000d5580000,0x00000000d6e80000,0x00000000d6e80000)
  from space 4096K, 78% used [0x00000000d6e80000,0x00000000d719ff08,0x00000000d7280000)
  to   space 4096K, 0% used [0x00000000d7280000,0x00000000d7280000,0x00000000d7680000)
 ParOldGen       total 68608K, used 16K [0x0000000080000000, 0x0000000084300000, 0x00000000d5580000)
  object space 68608K, 0% used [0x0000000080000000,0x0000000080004000,0x0000000084300000)
 Metaspace       used 8068K, committed 8320K, reserved 1114112K
  class space    used 855K, committed 960K, reserved 1048576K
}
Event: 1.718 GC heap after
{Heap after GC invocations=2 (full 0):
 PSYoungGen      total 29696K, used 4094K [0x00000000d5580000, 0x00000000d7680000, 0x0000000100000000)
  eden space 25600K, 0% used [0x00000000d5580000,0x00000000d5580000,0x00000000d6e80000)
  from space 4096K, 99% used [0x00000000d7280000,0x00000000d767f810,0x00000000d7680000)
  to   space 4096K, 0% used [0x00000000d6e80000,0x00000000d6e80000,0x00000000d7280000)
 ParOldGen       total 68608K, used 1019K [0x0000000080000000, 0x0000000084300000, 0x00000000d5580000)
  object space 68608K, 1% used [0x0000000080000000,0x00000000800feec8,0x0000000084300000)
 Metaspace       used 8068K, committed 8320K, reserved 1114112K
  class space    used 855K, committed 960K, reserved 1048576K
}

Dll operation events (10 events):
Event: 0.026 Loaded shared library C:\Program Files\Java\jdk-23\bin\java.dll
Event: 0.076 Loaded shared library C:\Program Files\Java\jdk-23\bin\jsvml.dll
Event: 0.136 Loaded shared library C:\Program Files\Java\jdk-23\bin\zip.dll
Event: 0.144 Loaded shared library C:\Program Files\Java\jdk-23\bin\instrument.dll
Event: 0.149 Loaded shared library C:\Program Files\Java\jdk-23\bin\net.dll
Event: 0.153 Loaded shared library C:\Program Files\Java\jdk-23\bin\nio.dll
Event: 0.158 Loaded shared library C:\Program Files\Java\jdk-23\bin\zip.dll
Event: 0.186 Loaded shared library C:\Program Files\Java\jdk-23\bin\jimage.dll
Event: 0.328 Loaded shared library C:\Program Files\Java\jdk-23\bin\verify.dll
Event: 1.837 Loaded shared library C:\Users\yangk\AppData\Roaming\Code\User\globalStorage\redhat.java\1.50.0\config_ss_win\org.eclipse.equinox.launcher\org.eclipse.equinox.launcher.win32.win32.x86_64_1.2.1400.v20250801-0854\eclipse_11916.dll

Deoptimization events (20 events):
Event: 1.708 Thread 0x00000228a099aa70 DEOPT PACKING pc=0x00000228ab5a0f48 sp=0x000000d5601fc730
Event: 1.708 Thread 0x00000228a099aa70 DEOPT UNPACKING pc=0x00000228b2914222 sp=0x000000d5601fbbb0 mode 0
Event: 1.709 Thread 0x00000228a099aa70 DEOPT PACKING pc=0x00000228ab53f971 sp=0x000000d5601fc530
Event: 1.709 Thread 0x00000228a099aa70 DEOPT UNPACKING pc=0x00000228b2914222 sp=0x000000d5601fb9b0 mode 0
Event: 1.709 Thread 0x00000228a099aa70 DEOPT PACKING pc=0x00000228ab5a0f48 sp=0x000000d5601fc680
Event: 1.709 Thread 0x00000228a099aa70 DEOPT UNPACKING pc=0x00000228b2914222 sp=0x000000d5601fbb00 mode 0
Event: 1.710 Thread 0x00000228a099aa70 DEOPT PACKING pc=0x00000228ab5a0f48 sp=0x000000d5601fc980
Event: 1.710 Thread 0x00000228a099aa70 DEOPT UNPACKING pc=0x00000228b2914222 sp=0x000000d5601fbe00 mode 0
Event: 1.832 Thread 0x0000022885bf2a00 Uncommon trap: trap_request=0xffffff6e fr.pc=0x00000228b306a008 relative=0x0000000000000368
Event: 1.832 Thread 0x0000022885bf2a00 Uncommon trap: reason=loop_limit_check action=maybe_recompile pc=0x00000228b306a008 method=java.lang.StringLatin1.indexOf([BI[BII)I @ 37 c2
Event: 1.832 Thread 0x0000022885bf2a00 DEOPT PACKING pc=0x00000228b306a008 sp=0x000000d561df8c50
Event: 1.832 Thread 0x0000022885bf2a00 DEOPT UNPACKING pc=0x00000228b2913b02 sp=0x000000d561df8bb0 mode 2
Event: 2.153 Thread 0x0000022885bf2a00 Uncommon trap: trap_request=0xffffff45 fr.pc=0x00000228b309e078 relative=0x0000000000001898
Event: 2.153 Thread 0x0000022885bf2a00 Uncommon trap: reason=unstable_if action=reinterpret pc=0x00000228b309e078 method=java.io.WinNTFileSystem.normalize(Ljava/lang/String;II)Ljava/lang/String; @ 100 c2
Event: 2.153 Thread 0x0000022885bf2a00 DEOPT PACKING pc=0x00000228b309e078 sp=0x000000d561df8ea0
Event: 2.153 Thread 0x0000022885bf2a00 DEOPT UNPACKING pc=0x00000228b2913b02 sp=0x000000d561df8de0 mode 2
Event: 2.200 Thread 0x0000022885bf2a00 Uncommon trap: trap_request=0xffffff45 fr.pc=0x00000228b3078b84 relative=0x0000000000000084
Event: 2.200 Thread 0x0000022885bf2a00 Uncommon trap: reason=unstable_if action=reinterpret pc=0x00000228b3078b84 method=java.io.BufferedInputStream.getBufIfOpen(Z)[B @ 13 c2
Event: 2.200 Thread 0x0000022885bf2a00 DEOPT PACKING pc=0x00000228b3078b84 sp=0x000000d561df8780
Event: 2.200 Thread 0x0000022885bf2a00 DEOPT UNPACKING pc=0x00000228b2913b02 sp=0x000000d561df8700 mode 2

Classes loaded (20 events):
Event: 2.191 Loading class java/lang/CloneNotSupportedException
Event: 2.191 Loading class java/lang/CloneNotSupportedException done
Event: 2.212 Loading class java/util/stream/ReferencePipeline$5
Event: 2.212 Loading class java/util/stream/LongPipeline$StatelessOp
Event: 2.212 Loading class java/util/stream/LongPipeline
Event: 2.213 Loading class java/util/stream/LongStream
Event: 2.213 Loading class java/util/stream/LongStream done
Event: 2.214 Loading class java/util/stream/LongPipeline done
Event: 2.214 Loading class java/util/stream/LongPipeline$StatelessOp done
Event: 2.214 Loading class java/util/stream/ReferencePipeline$5 done
Event: 2.214 Loading class java/util/function/LongBinaryOperator
Event: 2.214 Loading class java/util/function/LongBinaryOperator done
Event: 2.215 Loading class java/util/stream/ReduceOps$10
Event: 2.215 Loading class java/util/stream/ReduceOps$10 done
Event: 2.215 Loading class java/util/stream/ReduceOps$8ReducingSink
Event: 2.215 Loading class java/util/stream/Sink$OfLong
Event: 2.216 Loading class java/util/stream/Sink$OfLong done
Event: 2.216 Loading class java/util/stream/ReduceOps$8ReducingSink done
Event: 2.216 Loading class java/util/stream/ReferencePipeline$5$1
Event: 2.216 Loading class java/util/stream/ReferencePipeline$5$1 done

Classes unloaded (0 events):
No events

Classes redefined (0 events):
No events

Internal exceptions (20 events):
Event: 1.107 Thread 0x00000228a099aa70 Exception <a 'java/lang/ClassNotFoundException'{0x00000000d59d19c0}: sun/net/www/protocol/d/Handler> (0x00000000d59d19c0) 
thrown [s\open\src\hotspot\share\classfile\systemDictionary.cpp, line 313]
Event: 1.108 Thread 0x00000228a099aa70 Exception <a 'java/lang/ClassNotFoundException'{0x00000000d59d2b20}: sun/net/www/protocol/c/Handler> (0x00000000d59d2b20) 
thrown [s\open\src\hotspot\share\classfile\systemDictionary.cpp, line 313]
Event: 1.120 Thread 0x00000228a099aa70 Exception <a 'java/io/FileNotFoundException'{0x00000000d59f75e0}> (0x00000000d59f75e0) 
thrown [s\open\src\hotspot\share\prims\jni.cpp, line 520]
Event: 1.169 Thread 0x00000228a099aa70 Implicit null exception at 0x00000228b30651b9 to 0x00000228b3065c78
Event: 1.169 Thread 0x00000228a099aa70 Implicit null exception at 0x00000228b306220a to 0x00000228b3062414
Event: 1.170 Thread 0x00000228a099aa70 Exception <a 'java/lang/NoSuchMethodError'{0x00000000d5b6a748}: 'void java.lang.invoke.DirectMethodHandle$Holder.invokeStatic(java.lang.Object, java.lang.Object, java.lang.Object, java.lang.Object)'> (0x00000000d5b6a748) 
thrown [s\open\src\hotspot\share\interpreter\linkResolver.cpp, line 796]
Event: 1.171 Thread 0x00000228a099aa70 Implicit null exception at 0x00000228b305580a to 0x00000228b3055a14
Event: 1.171 Thread 0x00000228a099aa70 Implicit null exception at 0x00000228b305269d to 0x00000228b305271d
Event: 1.500 Thread 0x00000228a099aa70 Exception <a 'java/lang/NoSuchMethodError'{0x00000000d66f49e0}: 'int java.lang.invoke.DirectMethodHandle$Holder.invokeVirtual(java.lang.Object, java.lang.Object)'> (0x00000000d66f49e0) 
thrown [s\open\src\hotspot\share\interpreter\linkResolver.cpp, line 796]
Event: 1.557 Thread 0x00000228a099aa70 Exception <a 'java/lang/NoSuchMethodError'{0x00000000d686e080}: 'int java.lang.invoke.DirectMethodHandle$Holder.invokeStaticInit(java.lang.Object, java.lang.Object, java.lang.Object, java.lang.Object)'> (0x00000000d686e080) 
thrown [s\open\src\hotspot\share\interpreter\linkResolver.cpp, line 796]
Event: 1.559 Thread 0x00000228a099aa70 Exception <a 'java/lang/IncompatibleClassChangeError'{0x00000000d6876788}: Found class java.lang.Object, but interface was expected> (0x00000000d6876788) 
thrown [s\open\src\hotspot\share\interpreter\linkResolver.cpp, line 863]
Event: 1.560 Thread 0x00000228a099aa70 Exception <a 'java/lang/NoSuchMethodError'{0x00000000d687cc00}: 'void java.lang.invoke.DirectMethodHandle$Holder.invokeStaticInit(java.lang.Object, java.lang.Object)'> (0x00000000d687cc00) 
thrown [s\open\src\hotspot\share\interpreter\linkResolver.cpp, line 796]
Event: 1.562 Thread 0x00000228a099aa70 Exception <a 'java/lang/NoSuchMethodError'{0x00000000d68861f8}: 'int java.lang.invoke.DirectMethodHandle$Holder.invokeStaticInit(java.lang.Object, java.lang.Object)'> (0x00000000d68861f8) 
thrown [s\open\src\hotspot\share\interpreter\linkResolver.cpp, line 796]
Event: 1.613 Thread 0x00000228a099aa70 Exception <a 'java/lang/NoSuchMethodError'{0x00000000d6ac5c90}: 'java.lang.Object java.lang.invoke.DirectMethodHandle$Holder.newInvokeSpecial(java.lang.Object, int, java.lang.Object)'> (0x00000000d6ac5c90) 
thrown [s\open\src\hotspot\share\interpreter\linkResolver.cpp, line 796]
Event: 1.665 Thread 0x00000228a099aa70 Exception <a 'java/lang/ClassNotFoundException'{0x00000000d6ce2dc8}: sun/net/www/protocol/plurl/Handler> (0x00000000d6ce2dc8) 
thrown [s\open\src\hotspot\share\classfile\systemDictionary.cpp, line 313]
Event: 1.665 Thread 0x00000228a099aa70 Exception <a 'java/lang/ClassNotFoundException'{0x00000000d6ce3c48}: sun/net/www/protocol/plurl/Handler> (0x00000000d6ce3c48) 
thrown [s\open\src\hotspot\share\classfile\systemDictionary.cpp, line 313]
Event: 1.809 Thread 0x00000228a099aa70 Exception <a 'java/lang/UnsatisfiedLinkError'{0x00000000d58acd08}: 'void org.eclipse.equinox.launcher.JNIBridge._update_splash()'> (0x00000000d58acd08) 
thrown [s\open\src\hotspot\share\prims\nativeLookup.cpp, line 417]
Event: 1.910 Thread 0x0000022885bf2a00 Exception <a 'java/lang/NullPointerException'{0x00000000d5c0c5e8}> (0x00000000d5c0c5e8) 
thrown [s\open\src\hotspot\share\interpreter\linkResolver.cpp, line 1389]
Event: 1.910 Thread 0x0000022885bf2a00 Exception <a 'java/lang/NullPointerException'{0x00000000d5c0c8c8}> (0x00000000d5c0c8c8) 
thrown [s\open\src\hotspot\share\interpreter\linkResolver.cpp, line 1389]
Event: 2.211 Thread 0x0000022885bf2a00 Exception <a 'java/lang/NoSuchMethodError'{0x00000000d6615be0}: 'long java.lang.invoke.DirectMethodHandle$Holder.invokeSpecial(java.lang.Object, java.lang.Object)'> (0x00000000d6615be0) 
thrown [s\open\src\hotspot\share\interpreter\linkResolver.cpp, line 796]

VM Operations (20 events):
Event: 1.038 Executing VM operation: ParallelGCFailedAllocation (Allocation Failure)
Event: 1.048 Executing VM operation: ParallelGCFailedAllocation (Allocation Failure) done
Event: 1.076 Executing VM operation: HandshakeAllThreads (Deoptimize)
Event: 1.076 Executing VM operation: HandshakeAllThreads (Deoptimize) done
Event: 1.145 Executing VM operation: HandshakeAllThreads (Deoptimize)
Event: 1.145 Executing VM operation: HandshakeAllThreads (Deoptimize) done
Event: 1.592 Executing VM operation: HandshakeAllThreads (Deoptimize)
Event: 1.592 Executing VM operation: HandshakeAllThreads (Deoptimize) done
Event: 1.601 Executing VM operation: HandshakeAllThreads (Deoptimize)
Event: 1.601 Executing VM operation: HandshakeAllThreads (Deoptimize) done
Event: 1.636 Executing VM operation: HandshakeAllThreads (Deoptimize)
Event: 1.636 Executing VM operation: HandshakeAllThreads (Deoptimize) done
Event: 1.647 Executing VM operation: HandshakeAllThreads (Deoptimize)
Event: 1.647 Executing VM operation: HandshakeAllThreads (Deoptimize) done
Event: 1.712 Executing VM operation: ParallelGCFailedAllocation (Allocation Failure)
Event: 1.718 Executing VM operation: ParallelGCFailedAllocation (Allocation Failure) done
Event: 2.021 Executing VM operation: HandshakeAllThreads (Deoptimize)
Event: 2.021 Executing VM operation: HandshakeAllThreads (Deoptimize) done
Event: 2.097 Executing VM operation: HandshakeAllThreads (Deoptimize)
Event: 2.097 Executing VM operation: HandshakeAllThreads (Deoptimize) done

Memory protections (0 events):
No events

Nmethod flushes (0 events):
No events

Events (20 events):
Event: 0.074 Thread 0x00000228a099aa70 Thread added: 0x00000228fef9ab60
Event: 0.074 Thread 0x00000228a099aa70 Thread added: 0x00000228fef9c6a0
Event: 0.074 Thread 0x00000228a099aa70 Thread added: 0x00000228fefa23b0
Event: 0.074 Thread 0x00000228a099aa70 Thread added: 0x00000228fefa6330
Event: 0.074 Thread 0x00000228a099aa70 Thread added: 0x00000228fefa7010
Event: 0.074 Thread 0x00000228a099aa70 Thread added: 0x00000228fefa7a70
Event: 0.074 Thread 0x00000228a099aa70 Thread added: 0x00000228fefa8800
Event: 0.074 Thread 0x00000228a099aa70 Thread added: 0x00000228bc91d6e0
Event: 0.103 Thread 0x00000228a099aa70 Thread added: 0x00000228ff0af1c0
Event: 0.114 Thread 0x00000228bc91d6e0 Thread added: 0x00000228ff0c9590
Event: 0.114 Thread 0x00000228bc91d6e0 Thread added: 0x00000228ff0c8120
Event: 0.114 Thread 0x00000228bc91d6e0 Thread added: 0x00000228ff0cb0d0
Event: 0.120 Thread 0x00000228fefa8800 Thread added: 0x00000228ff0c8ec0
Event: 0.496 Thread 0x00000228a099aa70 Thread added: 0x0000022885082ca0
Event: 1.576 Thread 0x00000228a099aa70 Thread added: 0x0000022885980e90
Event: 1.803 Thread 0x00000228a099aa70 Thread added: 0x00000228859d6aa0
Event: 1.808 Thread 0x00000228a099aa70 Thread added: 0x0000022885bf2a00
Event: 1.942 Thread 0x00000228ff0c8ec0 Thread exited: 0x00000228ff0c8ec0
Event: 2.071 Thread 0x0000022885bf2a00 Thread added: 0x00000228859d1050
Event: 2.231 Thread 0x00000228ff0c9590 Thread added: 0x00000228ff0caa00


Dynamic libraries:
0x00007ff63e3c0000 - 0x00007ff63e3d0000 	C:\Program Files\Java\jdk-23\bin\java.exe
0x00007ffc60060000 - 0x00007ffc602c7000 	C:\WINDOWS\SYSTEM32\ntdll.dll
0x00007ffc5ee80000 - 0x00007ffc5ef49000 	C:\WINDOWS\System32\KERNEL32.DLL
0x00007ffc5d1b0000 - 0x00007ffc5d59f000 	C:\WINDOWS\System32\KERNELBASE.dll
0x00007ffc5d8a0000 - 0x00007ffc5d9eb000 	C:\WINDOWS\System32\ucrtbase.dll
0x00007ffc29c40000 - 0x00007ffc29c5b000 	C:\Program Files\Java\jdk-23\bin\VCRUNTIME140.dll
0x00007ffc0c860000 - 0x00007ffc0c877000 	C:\Program Files\Java\jdk-23\bin\jli.dll
0x00007ffc5ecb0000 - 0x00007ffc5ee75000 	C:\WINDOWS\System32\USER32.dll
0x00007ffc5d870000 - 0x00007ffc5d897000 	C:\WINDOWS\System32\win32u.dll
0x00007ffc5fd60000 - 0x00007ffc5fd8b000 	C:\WINDOWS\System32\GDI32.dll
0x00007ffc39310000 - 0x00007ffc395a3000 	C:\WINDOWS\WinSxS\amd64_microsoft.windows.common-controls_6595b64144ccf1df_6.0.26100.7309_none_3e05feeae336a044\COMCTL32.dll
0x00007ffc5f360000 - 0x00007ffc5f409000 	C:\WINDOWS\System32\msvcrt.dll
0x00007ffc5d9f0000 - 0x00007ffc5db1c000 	C:\WINDOWS\System32\gdi32full.dll
0x00007ffc5dca0000 - 0x00007ffc5dd43000 	C:\WINDOWS\System32\msvcp_win.dll
0x00007ffc5fc70000 - 0x00007ffc5fca1000 	C:\WINDOWS\System32\IMM32.DLL
0x00007ffc53280000 - 0x00007ffc5328c000 	C:\Program Files\Java\jdk-23\bin\vcruntime140_1.dll
0x00007ffb974a0000 - 0x00007ffb9752e000 	C:\Program Files\Java\jdk-23\bin\msvcp140.dll
0x00007ffb54b60000 - 0x00007ffb558af000 	C:\Program Files\Java\jdk-23\bin\server\jvm.dll
0x00007ffc5e2f0000 - 0x00007ffc5e3a4000 	C:\WINDOWS\System32\ADVAPI32.dll
0x00007ffc5fd90000 - 0x00007ffc5fe36000 	C:\WINDOWS\System32\sechost.dll
0x00007ffc5e610000 - 0x00007ffc5e728000 	C:\WINDOWS\System32\RPCRT4.dll
0x00007ffc5fcb0000 - 0x00007ffc5fd24000 	C:\WINDOWS\System32\WS2_32.dll
0x00007ffc5bd40000 - 0x00007ffc5bd9e000 	C:\WINDOWS\SYSTEM32\POWRPROF.dll
0x00007ffc537c0000 - 0x00007ffc537cb000 	C:\WINDOWS\SYSTEM32\VERSION.dll
0x00007ffc51020000 - 0x00007ffc51055000 	C:\WINDOWS\SYSTEM32\WINMM.dll
0x00007ffc5bd20000 - 0x00007ffc5bd34000 	C:\WINDOWS\SYSTEM32\UMPDC.dll
0x00007ffc5bf60000 - 0x00007ffc5bf7b000 	C:\WINDOWS\SYSTEM32\kernel.appcore.dll
0x00007ffc366b0000 - 0x00007ffc366ba000 	C:\Program Files\Java\jdk-23\bin\jimage.dll
0x00007ffc5a8a0000 - 0x00007ffc5aae2000 	C:\WINDOWS\SYSTEM32\DBGHELP.DLL
0x00007ffc5e7b0000 - 0x00007ffc5eb35000 	C:\WINDOWS\System32\combase.dll
0x00007ffc5ebd0000 - 0x00007ffc5eca6000 	C:\WINDOWS\System32\OLEAUT32.dll
0x00007ffc38780000 - 0x00007ffc387bc000 	C:\WINDOWS\SYSTEM32\dbgcore.DLL
0x00007ffc5dd50000 - 0x00007ffc5ddf5000 	C:\WINDOWS\System32\bcryptPrimitives.dll
0x00007ffc0f790000 - 0x00007ffc0f79f000 	C:\Program Files\Java\jdk-23\bin\instrument.dll
0x00007ffc115e0000 - 0x00007ffc115fe000 	C:\Program Files\Java\jdk-23\bin\java.dll
0x00007ffc5efd0000 - 0x00007ffc5f167000 	C:\WINDOWS\System32\ole32.dll
0x00007ffc5f410000 - 0x00007ffc5fb63000 	C:\WINDOWS\System32\SHELL32.dll
0x00007ffc5d5b0000 - 0x00007ffc5d71a000 	C:\WINDOWS\System32\wintypes.dll
0x00007ffc5ad50000 - 0x00007ffc5b5ae000 	C:\WINDOWS\SYSTEM32\windows.storage.dll
0x00007ffc5e450000 - 0x00007ffc5e545000 	C:\WINDOWS\System32\SHCORE.dll
0x00007ffc5f170000 - 0x00007ffc5f1d6000 	C:\WINDOWS\System32\shlwapi.dll
0x00007ffc5d090000 - 0x00007ffc5d0b9000 	C:\WINDOWS\SYSTEM32\profapi.dll
0x00007ffbbbc40000 - 0x00007ffbbbd17000 	C:\Program Files\Java\jdk-23\bin\jsvml.dll
0x00007ffc111c0000 - 0x00007ffc111d7000 	C:\Program Files\Java\jdk-23\bin\zip.dll
0x00007ffc2aad0000 - 0x00007ffc2aae0000 	C:\Program Files\Java\jdk-23\bin\net.dll
0x00007ffc5c550000 - 0x00007ffc5c5bb000 	C:\WINDOWS\system32\mswsock.dll
0x00007ffc111e0000 - 0x00007ffc111f6000 	C:\Program Files\Java\jdk-23\bin\nio.dll
0x00007ffc299f0000 - 0x00007ffc29a00000 	C:\Program Files\Java\jdk-23\bin\verify.dll
0x00007ffb971a0000 - 0x00007ffb971e4000 	C:\Users\yangk\AppData\Roaming\Code\User\globalStorage\redhat.java\1.50.0\config_ss_win\org.eclipse.equinox.launcher\org.eclipse.equinox.launcher.win32.win32.x86_64_1.2.1400.v20250801-0854\eclipse_11916.dll

dbghelp: loaded successfully - version: 4.0.5 - missing functions: none
symbol engine: initialized successfully - sym options: 0x614 - pdb path: .;C:\Program Files\Java\jdk-23\bin;C:\WINDOWS\SYSTEM32;C:\WINDOWS\WinSxS\amd64_microsoft.windows.common-controls_6595b64144ccf1df_6.0.26100.7309_none_3e05feeae336a044;C:\Program Files\Java\jdk-23\bin\server;C:\Users\yangk\AppData\Roaming\Code\User\globalStorage\redhat.java\1.50.0\config_ss_win\org.eclipse.equinox.launcher\org.eclipse.equinox.launcher.win32.win32.x86_64_1.2.1400.v20250801-0854

VM Arguments:
jvm_args: --add-modules=ALL-SYSTEM --add-opens=java.base/java.util=ALL-UNNAMED --add-opens=java.base/java.lang=ALL-UNNAMED --add-opens=java.base/sun.nio.fs=ALL-UNNAMED -Declipse.application=org.eclipse.jdt.ls.core.id1 -Dosgi.bundles.defaultStartLevel=4 -Declipse.product=org.eclipse.jdt.ls.core.product -Djava.import.generatesMetadataFilesAtProjectRoot=false -DDetectVMInstallationsJob.disabled=true -Dfile.encoding=utf8 -XX:+UseParallelGC -XX:GCTimeRatio=4 -XX:AdaptiveSizePolicyWeight=90 -Dsun.zip.disableMemoryMapping=true -Xmx2G -Xms100m -Xlog:disable -javaagent:c:\Users\yangk\.vscode\extensions\redhat.java-1.50.0-win32-x64\lombok\lombok-1.18.39-4050.jar 
java_command: c:\Users\yangk\.vscode\extensions\redhat.java-1.50.0-win32-x64\server\plugins\org.eclipse.equinox.launcher_1.7.100.v20251111-0406.jar -configuration c:\Users\yangk\AppData\Roaming\Code\User\globalStorage\redhat.java\1.50.0\config_ss_win -data c:\Users\yangk\AppData\Roaming\Code\User\workspaceStorage\78bc2cdef0325a2eca9570ea06cc9753\redhat.java\ss_ws --pipe=\\.\pipe\lsp-b0ee4c54438eb7f8370adfe3dfc8d5b2-sock
java_class_path (initial): c:\Users\yangk\.vscode\extensions\redhat.java-1.50.0-win32-x64\server\plugins\org.eclipse.equinox.launcher_1.7.100.v20251111-0406.jar
Launcher Type: SUN_STANDARD

[Global flags]
     uint AdaptiveSizePolicyWeight                 = 90                                        {product} {command line}
     intx CICompilerCount                          = 12                                        {product} {ergonomic}
     uint GCTimeRatio                              = 4                                         {product} {command line}
   size_t InitialHeapSize                          = 104857600                                 {product} {command line}
   size_t MaxHeapSize                              = 2147483648                                {product} {command line}
   size_t MaxNewSize                               = 715653120                                 {product} {ergonomic}
   size_t MinHeapDeltaBytes                        = 524288                                    {product} {ergonomic}
   size_t MinHeapSize                              = 104857600                                 {product} {command line}
   size_t NewSize                                  = 34603008                                  {product} {ergonomic}
    uintx NonNMethodCodeHeapSize                   = 7602176                                {pd product} {ergonomic}
    uintx NonProfiledCodeHeapSize                  = 122093568                              {pd product} {ergonomic}
   size_t OldSize                                  = 70254592                                  {product} {ergonomic}
    uintx ProfiledCodeHeapSize                     = 121962496                              {pd product} {ergonomic}
    uintx ReservedCodeCacheSize                    = 251658240                              {pd product} {ergonomic}
     bool SegmentedCodeCache                       = true                                      {product} {ergonomic}
   size_t SoftMaxHeapSize                          = 2147483648                             {manageable} {ergonomic}
     bool UseCompressedOops                        = true                           {product lp64_product} {ergonomic}
     bool UseLargePagesIndividualAllocation        = false                                  {pd product} {ergonomic}
     bool UseParallelGC                            = true                                      {product} {command line}

Logging:
Log output configuration:
 #0: stdout all=off uptime,level,tags foldmultilines=false
 #1: stderr all=off uptime,level,tags foldmultilines=false

Environment Variables:
JAVA_HOME=C:\Program Files\Java\jdk-23
PATH=C:\Program Files\Eclipse Adoptium\jdk-17.0.17.10-hotspot\bin;C:\Program Files (x86)\VMware\VMware Workstation\bin\;C:\Program Files\Common Files\Oracle\Java\javapath;C:\Windows\system32;C:\Windows;C:\Windows\System32\Wbem;C:\Windows\System32\WindowsPowerShell\v1.0\;C:\Windows\System32\OpenSSH\;C:\Program Files (x86)\NVIDIA Corporation\PhysX\Common;C:\Program Files\NVIDIA Corporation\NVIDIA NvDLISR;C:\面向对象\Git\cmd;C:\Users\yangk\AppData\Local\Programs\Ollama;D:\springboot\apache-maven-3.9.11;C:\WINDOWS\system32;C:\WINDOWS;C:\WINDOWS\System32\Wbem;C:\WINDOWS\System32\WindowsPowerShell\v1.0\;C:\WINDOWS\System32\OpenSSH\;C:\Program Files\dotnet\;D:\maven\apache-maven-3.9.11\bin;D:\NodeJS\;D:\anac;D:\anac\Library\mingw-w64\bin;D:\anac\Library\usr\bin;D:\anac\Library\bin;D:\anac\Scripts;C:\Users\yangk\AppData\Local\Programs\Python\Python312\Scripts\;C:\Users\yangk\AppData\Local\Programs\Python\Python312\;C:\Users\yangk\AppData\Local\Microsoft\WindowsApps;C:\Users\yangk\AppData\Local\Programs\Microsoft VS Code\bin;C:\Users\yangk\AppData\Local\Programs\Ollama;D:\springboot\apache-maven-3.9.11;D:\springboot\apache-maven-3.9.11\bin;C:\Program Files\Common Files\Oracle\Java\bin;C:\Program Files\Java\jdk-23\bin;C:\Users\yangk\AppData\Local\Microsoft\WindowsApps;C:\Users\yangk\AppData\Roaming\npm
USERNAME=yangk
OS=Windows_NT
PROCESSOR_IDENTIFIER=Intel64 Family 6 Model 186 Stepping 2, GenuineIntel
TMP=C:\Users\yangk\AppData\Local\Temp
TEMP=C:\Users\yangk\AppData\Local\Temp




Periodic native trim disabled

---------------  S Y S T E M  ---------------

OS:
 Windows 11 , 64 bit Build 26100 (10.0.26100.7309)
OS uptime: 0 days 0:26 hours
Hyper-V role detected

CPU: total 20 (initial active 20) (10 cores per cpu, 2 threads per core) family 6 model 186 stepping 2 microcode 0x410e, cx8, cmov, fxsr, ht, mmx, 3dnowpref, sse, sse2, sse3, ssse3, sse4.1, sse4.2, popcnt, lzcnt, tsc, tscinvbit, avx, avx2, aes, erms, clmul, bmi1, bmi2, adx, sha, fma, vzeroupper, clflush, clflushopt, clwb, hv, serialize, rdtscp, rdpid, fsrm, gfni, f16c, cet_ibt, cet_ss
Processor Information for processor 0
  Max Mhz: 2400, Current Mhz: 2400, Mhz Limit: 2400
Processor Information for processor 1
  Max Mhz: 2400, Current Mhz: 2400, Mhz Limit: 2400
Processor Information for processor 2
  Max Mhz: 2400, Current Mhz: 2400, Mhz Limit: 2400
Processor Information for processor 3
  Max Mhz: 2400, Current Mhz: 2400, Mhz Limit: 2400
Processor Information for processor 4
  Max Mhz: 2400, Current Mhz: 2400, Mhz Limit: 2400
Processor Information for processor 5
  Max Mhz: 2400, Current Mhz: 2400, Mhz Limit: 2400
Processor Information for processor 6
  Max Mhz: 2400, Current Mhz: 2400, Mhz Limit: 2400
Processor Information for processor 7
  Max Mhz: 2400, Current Mhz: 2400, Mhz Limit: 2400
Processor Information for processor 8
  Max Mhz: 2400, Current Mhz: 2400, Mhz Limit: 2400
Processor Information for processor 9
  Max Mhz: 2400, Current Mhz: 2400, Mhz Limit: 2400
Processor Information for processor 10
  Max Mhz: 2400, Current Mhz: 2400, Mhz Limit: 2400
Processor Information for processor 11
  Max Mhz: 2400, Current Mhz: 2400, Mhz Limit: 2400
Processor Information for processor 12
  Max Mhz: 2400, Current Mhz: 1800, Mhz Limit: 1800
Processor Information for processor 13
  Max Mhz: 2400, Current Mhz: 1800, Mhz Limit: 1800
Processor Information for processor 14
  Max Mhz: 2400, Current Mhz: 1800, Mhz Limit: 1800
Processor Information for processor 15
  Max Mhz: 2400, Current Mhz: 1800, Mhz Limit: 1800
Processor Information for processor 16
  Max Mhz: 2400, Current Mhz: 1800, Mhz Limit: 1800
Processor Information for processor 17
  Max Mhz: 2400, Current Mhz: 1800, Mhz Limit: 1800
Processor Information for processor 18
  Max Mhz: 2400, Current Mhz: 1800, Mhz Limit: 1800
Processor Information for processor 19
  Max Mhz: 2400, Current Mhz: 1800, Mhz Limit: 1800

Memory: 4k page, system-wide physical 16108M (727M free)
TotalPageFile size 21473M (AvailPageFile size 195M)
current process WorkingSet (physical memory assigned to process): 103M, peak: 103M
current process commit charge ("private bytes"): 237M, peak: 237M

vm_info: Java HotSpot(TM) 64-Bit Server VM (23.0.1+11-39) for windows-amd64 JRE (23.0.1+11-39), built on 2024-09-30T07:20:43Z with MS VC++ 17.6 (VS2022)

END.
